Workbook

Sheet Dashboard
A1: ZIP AHEAD: 26-28 Batch_Term-1
A2: A Structured Communication Development Program for PGDM Students
A3: 10 Weeks · 1 Submission / Week · 10 Total Submissions · Audio Based Delivery
A5: 📅 | B5: 🎙️ | C5: 📋 | D5: 📐 | E5: 📊 | F5: Total Groups: 15
A6: 10 Weeks | B6: 1 | C6: 10 | D6: 10 | E6: 5 | F6: Manu-7 | G6: Sandeep-8
A7: Programme Duration | B7: Sessions per Week | C7: Total Sessions | D7: Max Score / Session | E7: Assessment Areas | F7: Upto 10 Students per Group
E8: Assessment Framework
A9: Programme Overview | E9: Criterion | F9: Description | G9: Marks
A10: Delivery Mode | B10: Audio Submissions | E10: Clarity | F10: Clear confident opening with Pronunciation and Intonation; no filler | G10: 2
A11: Target Audience | B11: 26-28 Batch PGDM Students (any language level) | E11: Structure | F11: Logical flow: Situation → Action → Result | G11: 2
A12: Pedagogy | B12: Practice-Led: Build → Improve → Finalise | E12: Relevance | F12: Answer matches the question asked | G12: 2
A13: Response Length | B13: 30–60 seconds per audio submission | E13: Specificity | F13: Real examples, not generic claims | G13: 2
A14: Evaluation | B14: Rubric-based: 5 criteria × 2 marks each | E14: Completion | F14: Full response, no broken sentences | G14: 2
A15: Programme Lead | B15: L&D Team
E16: TOTAL | F16: Per Session Score | G16: 10
A18: Curriculum at a Glance
A19: Week | B19: Theme | C19: Focus Area | D19: Submission on Monday | E19: Trigger Email to be sent on Wednesday | F19: Trigger Email to be sent on Thursday | G19: Trigger Email to be sent on Friday
A20: Week 1 | B20: Self-Introduction | C20: Identity, domain, and role clarity | D20: 1
A21: Week 2 | B21: PGDM Rationale | C21: STAR-based task narration from internship | D21: 1
A22: Week 3 | B22: Strengths | C22: Evidence-backed strength with role impact | D22: 1
A23: Week 4 | B23: Weaknesses | C23: Honest weakness with growth narrative | D23: 1
A24: Week 5 | B24: Decision-Making | C24: Situation → Options → Decision logic | D24: 1
A25: Week 6 | B25: Skills & Career Goals | C25: Transferable skills and 5-year vision | D25: 1
A26: Week 7 | B26: Role Aspiration | C26: Target role fit, justification, positioning | D26: 1
A27: Week 8 | B27: Company & PGDM Rationale | C27: Company research and specialisation logic | D27: 1
A28: Week 9 | B28: Self-Introduction | C28: Identity, domain, and role clarity | D28: 1
A29: Week 10 | B29: Weaknesses | C29: Honest weakness with growth narrative | D29: 1

Sheet Curriculum
B1: ZIP AHEAD - Course Curriculum · Term-1: 10-Week Program
B2: A Structured Communication Development Program for 26-28 Batch PGDM Students
B4: Week | C4: Theme | D4: Day | E4: Question | F4: Instructions | G4: Coaching Focus | H4: Learning Outcome
B5: WEEK 1 - SELF-INTRODUCTION |
B6: W1 | C6: Self-Introduction | D6: Monday | E6: Introduce yourself in 1 minute? | F6: Tell us what you are studying and your domain. Begin with UG and include any projects that you have done. Do not talk about school or family. | G6: Clear opening sentence. No unnecessary filler. Domain stated confidently. | H6: Can begin answers clearly without confusion.
B7: WEEK 2 - PGDM Rationale |
B8: W2 | C8: PGDM Rationale | D8: Monday | E8: Why did you choose PGDM? | F8: Give your final answer in 45–60 seconds. Connect your past (undergrad or pre-PGDM experience) to your PGDM choice. | G8: How the degree bridged a skill gap. Genuine passion for the field. | H8: Can discuss specialisation with genuine rationale.
B9: WEEK 3 - STRENGTHS |
B10: W3 | C10: Strengths | D10: Monday | E10: What is your biggest strength? | F10: State one real strength. Give one short example where you used this strength. Avoid common words like 'hardworking' unless you prove it. | G10: Avoid generic words. Real example. Clear context. | H10: Can state strength with context.
B11: WEEK 4 - WEAKNESSES |
B12: W4 | C12: Weaknesses | D12: Monday | E12: What is your biggest weakness? | F12: State one real weakness you are working on. Do not give fake answers like 'I am a perfectionist.' Keep it honest and simple. | G12: Honest (not fake). Clear statement. No justification yet. | H12: Can acknowledge limitation.
B13: WEEK 5 - SKILL DEVELOPMENT |
B14: W5 | C14: Skills | D14: Monday | E14: Tell about a skill you had to build from scratch. | F14: Describe the skill, why you needed it, how you learned it, and the measurable result. Use STAR Method. | G14: Structure a clear story with specific actions, resources used, challenges overcome, and outcomes using the STAR method. | H14: Can use STAR Method clearly.
B15: WEEK 6 - SELF-AWARENESS |
B16: W6 | C16: Self-awareness | D16: Monday | E16: How do you react to criticism? | F16: Explain how you listen, reflect, act on the feedback, and share a real example of improvement. | G16: Present criticism positively, avoid defensiveness, and use the STAR method to highlight growth and improvement. | H16: Demonstrate coachability, emotional maturity, and a willingness to learn from feedback.
B17: WEEK 7 - SELF-AWARENESS |
B18: W7 | C18: Self-awareness | D18: Monday | E18: What motivates you? | F18: Share what genuinely drives you, explain why it matters, and support it with a relevant example. | G18: Connect personal motivation to job performance and reinforce it with a specific, authentic example. | H18: Demonstrate self-awareness, intrinsic motivation.
B19: WEEK 8 - Career Goals |
B20: W8 | C20: Career Goals | D20: Monday | E20: What are your short-term and long-term goals? | F20: State your short-term and long-term goals, explain how they are connected, and align them with the role. | G20: Present realistic, role-aligned goals that show progression and long-term value to the organization. | H20: Demonstrate career clarity, ambition, and commitment to continuous growth.
B21: WEEK 9 - BEHAVIORAL |
B22: W9 | C22: Behavioral | D22: Monday | E22: Tell about a time you worked in a team. | F22: Describe the team situation, your specific role, how you collaborated, and the outcome. Use STAR Method. | G22: Emphasize their individual contribution, conflict resolution (if any), and the positive impact using the STAR method. | H22: Demonstrate teamwork, communication, collaboration, and contribution toward a common goal.
B23: WEEK 10 - STRENGTHS |
B24: W10 | C24: Situational | D24: Monday | E24: How would you handle work pressure? | F24: Explain how you prioritize tasks, stay calm under pressure, and share a real example of handling a demanding situation. | G24: Emphasize a structured approach, positive mindset, and measurable results using the STAR method. | H24: Demonstrate resilience, time management, problem-solving, and the ability to perform under pressure.

Sheet Mr Sandeep Kumar
A1: S.No | B1: Roll No | C1: Email-ID | D1: Student Name | E1: Mobile No | F1: Group | G1: Week 1 | H1: Week 2 | I1: Week 3 | J1: Week 4 | K1: Week 5 | L1: Week 6 | M1: Week 7 | N1: Week 8 | O1: Week 9 | P1: Week 10
G2: Mon | H2: Mon | I2: Mon | J2: Mon | K2: Mon | L2: Mon | M2: Mon | N2: Mon | O2: Mon | P2: Mon
A3: 1 | B3: 26PGDM001 | C3: 28-Aadya.Shreysee@fiib.edu.in | D3: Aadya Shreysee | F3: group 1 | Q3: =COUNTA(G3:P3) -> 0
A4: 2 | B4: 26PGDM002 | C4: 28-aditi.lakhotia@fiib.edu.in | D4: Aditi Lakhotia | Q4: =COUNTA(G4:P4) -> 0
A5: 3 | B5: 26PGDM003 | C5: 28-Amisha.Kumari@fiib.edu.in | D5: Amisha Kumari | E5: 90059 94838 | Q5: =COUNTA(G5:P5) -> 0
A6: 4 | B6: 26PGDM004 | C6: 28-Anandita.Parihar@fiib.edu.in | D6: Anandita Parihar | Q6: =COUNTA(G6:P6) -> 0
A7: 5 | B7: 26PGDM005 | C7: 28-aniket.sinha@fiib.edu.in | D7: Aniket Sinha | Q7: =COUNTA(G7:P7) -> 0
A8: 6 | B8: 26PGDM006 | C8: 28-Anjali.Tiwari@fiib.edu.in | D8: Anjali Tiwari | Q8: =COUNTA(G8:P8) -> 0
A9: 7 | B9: 26PGDM007 | C9: 28-Anushka.Singh@fiib.edu.in | D9: Anushka Singh | Q9: =COUNTA(G9:P9) -> 0
A10: 8 | B10: 26PGDM008 | C10: 28-Anushka.Tiwari@fiib.edu.in | D10: Anushka Tiwari | Q10: =COUNTA(G10:P10) -> 0
A11: 9 | B11: 26PGDM009 | C11: 28-arshalan.noor@fiib.edu.in | D11: Arshalan Noor | Q11: =COUNTA(G11:P11) -> 0
A12: 10 | B12: 26PGDM010 | C12: 28-Chandan.Pant@fiib.edu.in | D12: Chandan Pant | Q12: =COUNTA(G12:P12) -> 0
A14: 1 | B14: 26PGDM011 | C14: 28-Dherya.Mittal@fiib.edu.in | D14: Dherya Mittal | F14: Group 2 | Q14: =COUNTA(G14:P14) -> 0
A15: 2 | B15: 26PGDM012 | C15: 28-Ekta.Singh@fiib.edu.in | D15: Ekta Singh | Q15: =COUNTA(G15:P15) -> 0
A16: 3 | B16: 26PGDM013 | C16: 28-Farheen.Khan@fiib.edu.in | D16: Farheen Khan | E16: 93999 95750 | Q16: =COUNTA(G16:P16) -> 0
A17: 4 | B17: 26PGDM014 | C17: 28-Jaideep.Kalra@fiib.edu.in | D17: Jaideep Singh Kalra | Q17: =COUNTA(G17:P17) -> 0
A18: 5 | B18: 26PGDM015 | C18: 28-Joy.Mann@fiib.edu.in | D18: Joy Mann | Q18: =COUNTA(G18:P18) -> 0
A19: 6 | B19: 26PGDM016 | C19: 28-Khushi.Gupta@fiib.edu.in | D19: Khushi Gupta | Q19: =COUNTA(G19:P19) -> 0
A20: 7 | B20: 26PGDM017 | C20: 28-Khushi.Kumari@fiib.edu.in | D20: Khushi Kumari | Q20: =COUNTA(G20:P20) -> 0
A21: 8 | B21: 26PGDM018 | C21: 28-laiba.arzoo@fiib.edu.in | D21: Laiba Arzoo | E21: 99718 69252 | Q21: =COUNTA(G21:P21) -> 0
A22: 9 | B22: 26PGDM019 | C22: 28-lakshya.antil@fiib.edu.in | D22: Lakshya Antil | Q22: =COUNTA(G22:P22) -> 0
A23: 10 | B23: 26PGDM020 | C23: 28-lakshya.seth@fiib.edu.in | D23: Lakshya Seth | Q23: =COUNTA(G23:P23) -> 0
Q24: =COUNTA(G24:P24) -> 0
A25: 1 | B25: 26PGDM021 | C25: 28-Leena.Tamulcar@fiib.edu.in | D25: Leena Tamulcar | F25: Group 3 | Q25: =COUNTA(G25:P25) -> 0
A26: 2 | B26: 26PGDM022 | C26: 28-Madhav.Arora@fiib.edu.in | D26: Madhav Arora | Q26: =COUNTA(G26:P26) -> 0
A27: 3 | B27: 26PGDM023 | C27: 28-Manuj.Dhiman@fiib.edu.in | D27: Manuj Dhiman | Q27: =COUNTA(G27:P27) -> 0
A28: 4 | B28: 26PGDM024 | C28: 28-Manvi.Jain@fiib.edu.in | D28: Manvi Jain | Q28: =COUNTA(G28:P28) -> 0
A29: 5 | B29: 26PGDM025 | C29: 28-Neha.Vishwakarma@fiib.edu.in | D29: Neha Vishwakarma | E29: 99273 93418 | Q29: =COUNTA(G29:P29) -> 0
A30: 6 | B30: 26PGDM026 | C30: 28-Rajat.Dargar@fiib.edu.in | D30: Rajat Dargar | E30: 88265 76069 | Q30: =COUNTA(G30:P30) -> 0
A31: 7 | B31: 26PGDM027 | C31: 28-Rudransh.Tewari@fiib.edu.in | D31: Rudransh Tewari | E31: 95280 73195 | Q31: =COUNTA(G31:P31) -> 0
A32: 8 | B32: 26PGDM028 | C32: 28-Samir.Wadhawan@fiib.edu.in | D32: Samir Wadhawan | Q32: =COUNTA(G32:P32) -> 0
A33: 9 | B33: 26PGDM029 | C33: 28-Shriya.Srivastava@fiib.edu.in | D33: Shriya Srivastava | E33: 93051 28823 | Q33: =COUNTA(G33:P33) -> 0
A34: 10 | B34: 26PGDM030 | C34: 28-Somaina.Narzary@fiib.edu.in | D34: Somaina Narzary | Q34: =COUNTA(G34:P34) -> 0
A36: 1 | B36: 26PGDM031 | C36: 28-sunny.kumar@fiib.edu.in | D36: Sunny Kumar | F36: Group 4 | Q36: =COUNTA(G36:P36) -> 0
A37: 2 | B37: 26PGDM032 | C37: 28-Swetank.Singh@fiib.edu.in | D37: Swetank Singh | Q37: =COUNTA(G37:P37) -> 0
A38: 3 | B38: 26PGDM033 | C38: 28-Tanya.Chauhan@fiib.edu.in | D38: Tanya Chauhan | Q38: =COUNTA(G38:P38) -> 0
A39: 4 | B39: 26PGDM034 | C39: 28-Utkarsh.Singh@fiib.edu.in | D39: Utkarsh Singh | Q39: =COUNTA(G39:P39) -> 0
A40: 5 | B40: 26PGDM035 | C40: 28-Vaidehi.Singh@fiib.edu.in | D40: Vaidehi Singh | Q40: =COUNTA(G40:P40) -> 0
A41: 6 | B41: 26PGDM036 | C41: 28-Vatsal.Nair@fiib.edu.in | D41: Vatsal Nair | Q41: =COUNTA(G41:P41) -> 0
A42: 7 | B42: 26PGDM061 | C42: 28-Abhinav.Sharma@fiib.edu.in | D42: Abhinav Sharma | Q42: =COUNTA(G42:P42) -> 0
A43: 8 | B43: 26PGDM062 | C43: 28-abhinav.sharma1@fiib.edu.in | D43: Abhinav Sharma | Q43: =COUNTA(G43:P43) -> 0
A44: 9 | B44: 26PGDM063 | C44: 28-Aditi.Bhagat@fiib.edu.in | D44: Aditi Bhagat | Q44: =COUNTA(G44:P44) -> 0
A45: 10 | B45: 26PGDM064 | C45: 28-Ananjay.Ravindran@fiib.edu.in | D45: Ananjay Ravindran | Q45: =COUNTA(G45:P45) -> 0
A47: 1 | B47: 26PGDM065 | C47: 28-Ananya.Kaushik@fiib.edu.in | D47: Ananya Kaushik | F47: Group 5 | Q47: =COUNTA(G47:P47) -> 0
A48: 2 | B48: 26PGDM066 | C48: 28-Anjali.Tiwari1@fiib.edu.in | D48: Anjali Tiwari | Q48: =COUNTA(G48:P48) -> 0
A49: 3 | B49: 26PGDM067 | C49: 28-Dhruv.Tokas@fiib.edu.in | D49: Dhruv Tokas | Q49: =COUNTA(G49:P49) -> 0
A50: 4 | B50: 26PGDM068 | C50: 28-Diksha.Asija@fiib.edu.in | D50: Diksha Asija | Q50: =COUNTA(G50:P50) -> 0
A51: 5 | B51: 26PGDM069 | C51: 28-Disha.Mandiratta@fiib.edu.in | D51: Disha Mandiratta | Q51: =COUNTA(G51:P51) -> 0
A52: 6 | B52: 26PGDM070 | C52: 28-Gajendra.Tomar@fiib.edu.in | D52: Gajendra Singh Tomar | Q52: =COUNTA(G52:P52) -> 0
A53: 7 | B53: 26PGDM071 | C53: 28-Gayatri.Swain@fiib.edu.in | D53: Gayatri Swain | Q53: =COUNTA(G53:P53) -> 0
A54: 8 | B54: 26PGDM072 | C54: 28-Harshit.Sharma@fiib.edu.in | D54: Harshit Sharma | Q54: =COUNTA(G54:P54) -> 0
A55: 9 | B55: 26PGDM073 | C55: 28-Harshita.Khandelwal@fiib.edu.in | D55: Harshita Khandelwal | Q55: =COUNTA(G55:P55) -> 0
A56: 10 | B56: 26PGDM074 | C56: 28-Jahnawi.Singh@fiib.edu.in | D56: Jahnawi Singh | Q56: =COUNTA(G56:P56) -> 0
A58: 1 | B58: 26PGDM075 | C58: 28-Karan.Siwas@fiib.edu.in | D58: Karan Siwas | F58: Group 6 | Q58: =COUNTA(G58:P58) -> 0
A59: 2 | B59: 26PGDM076 | C59: 28-Khushi.Verma@fiib.edu.in | D59: Khushi Verma | Q59: =COUNTA(G59:P59) -> 0
A60: 3 | B60: 26PGDM077 | C60: 28-Madhav.Kumar@fiib.edu.in | D60: Madhav Kumar | Q60: =COUNTA(G60:P60) -> 0
A61: 4 | B61: 26PGDM078 | C61: 28-Mahak.Sahu@fiib.edu.in | D61: Mahak Sahu | Q61: =COUNTA(G61:P61) -> 0
A62: 5 | B62: 26PGDM079 | C62: 28-mudit.garg@fiib.edu.in | D62: Mudit Garg | Q62: =COUNTA(G62:P62) -> 0
A63: 6 | B63: 26PGDM080 | C63: 28-Naman.Srivastava@fiib.edu.in | D63: Naman Srivastava | Q63: =COUNTA(G63:P63) -> 0
A64: 7 | B64: 26PGDM081 | C64: 28-niharika.kureel@fiib.edu.in | D64: Niharika Kureel | Q64: =COUNTA(G64:P64) -> 0
A65: 8 | B65: 26PGDM082 | C65: 28-Nikita.Joshi@fiib.edu.in | D65: Nikita Joshi | Q65: =COUNTA(G65:P65) -> 0
A66: 9 | B66: 26PGDM083 | C66: 28-Palak.Singhal@fiib.edu.in | D66: Palak Singhal | Q66: =COUNTA(G66:P66) -> 0
A67: 10 | B67: 26PGDM085 | C67: 28-sakshi.sharma@fiib.edu.in | D67: Sakshi Sharma | Q67: =COUNTA(G67:P67) -> 0
A69: 1 | B69: 26PGDM086 | C69: 28-Sanchita.Yashaswi@fiib.edu.in | D69: Sanchita Yashaswi | F69: Group 7 | Q69: =COUNTA(G69:P69) -> 0
A70: 2 | B70: 26PGDM087 | C70: 28-Shivaditya.Deb@fiib.edu.in | D70: Shivaditya Deb | Q70: =COUNTA(G70:P70) -> 0
A71: 3 | B71: 26PGDM088 | C71: 28-Shubh.Daga@fiib.edu.in | D71: Shubh Daga | Q71: =COUNTA(G71:P71) -> 0
A72: 4 | B72: 26PGDM089 | C72: 28-Shubham.Kumar@fiib.edu.in | D72: Shubham Kumar | Q72: =COUNTA(G72:P72) -> 0
A73: 5 | B73: 26PGDM091 | C73: 28-Suhani.Dubey@fiib.edu.in | D73: Suhani Dubey | Q73: =COUNTA(G73:P73) -> 0
A74: 6 | B74: 26PGDM092 | C74: 28-Tanveer.Singh@fiib.edu.in | D74: Tanveer Singh | Q74: =COUNTA(G74:P74) -> 0
A75: 7 | B75: 26PGDM093 | C75: 28-Vishonika@fiib.edu.in | D75: Vishonika - | Q75: =COUNTA(G75:P75) -> 0
A76: 8 | B76: 26PGDM094 | C76: 28-Vivek.Singh@fiib.edu.in | D76: Vivek Kumar Singh | Q76: =COUNTA(G76:P76) -> 0
A77: 9 | B77: 26PGDM095 | C77: 28-Yash.Sobti@fiib.edu.in | D77: Yash Sobti | Q77: =COUNTA(G77:P77) -> 0
A78: 10 | B78: 26PGDM122 | C78: 28-Abhishek.Singh@fiib.edu.in | D78: Abhishek Kumar Singh | Q78: =COUNTA(G78:P78) -> 0
A80: 1 | B80: 26PGDM123 | C80: 28-Aditi.Mishra@fiib.edu.in | D80: Aditi Mishra | F80: Group 8 | Q80: =COUNTA(G80:P80) -> 0
A81: 2 | B81: 26PGDM124 | C81: 28-Aditya.Kishan@fiib.edu.in | D81: Aditya Kishan | Q81: =COUNTA(G81:P81) -> 0
A82: 3 | B82: 26PGDM125 | C82: 28-Aditya.Sachdeva@fiib.edu.in | D82: Aditya Sachdeva | Q82: =COUNTA(G82:P82) -> 0
A83: 4 | B83: 26PGDM126 | C83: 28-akshay.kumar@fiib.edu.in | D83: Akshay Kumar | Q83: =COUNTA(G83:P83) -> 0
A84: 5 | B84: 26PGDM127 | C84: 28-Aman.Rathore@fiib.edu.in | D84: Aman Rathore | Q84: =COUNTA(G84:P84) -> 0
A85: 6 | B85: 26PGDM128 | C85: 28-anjali.verma@fiib.edu.in | D85: Anjali Verma | Q85: =COUNTA(G85:P85) -> 0
A86: 7 | B86: 26PGDM129 | C86: 28-Apurva.Singh@fiib.edu.in | D86: Apurva Singh | Q86: =COUNTA(G86:P86) -> 0
A87: 8 | B87: 26PGDM130 | C87: 28-Dhairya.Sharma@fiib.edu.in | D87: Dhairya Sharma | Q87: =COUNTA(G87:P87) -> 0
A88: 9 | B88: 26PGDM131 | C88: 28-Divyansh.Gupta@fiib.edu.in | D88: Divyansh Gupta | Q88: =COUNTA(G88:P88) -> 0
A89: 10 | B89: 26PGDM132 | C89: 28-Diya.Bhandari@fiib.edu.in | D89: Diya Bhandari | Q89: =COUNTA(G89:P89) -> 0
G90: =COUNTA(G3:G89) -> 0 | H90: =COUNTA(H3:H89) -> 0 | I90: =COUNTA(I3:I89) -> 0 | J90: =COUNTA(J3:J89) -> 0 | K90: =COUNTA(K3:K89) -> 0 | L90: =COUNTA(L3:L89) -> 0 | M90: =COUNTA(M3:M89) -> 0 | N90: =COUNTA(N3:N89) -> 0 | ... P90: =COUNTA(P3:P89) -> 0

Sheet Student Tracker
A1: ZIP AHEAD - Student Performance Tracker
A2: A Structured Response Development System for PGDM Students
A3: Score each session out of 10 | Grades auto-calculate | Status auto-updates
A5: S.No | B5: Roll No | C5: Email Student Name | D5: Student Name | E5: Mobile | F5: Domain | G5: Week 1 | H5: Week 2 | I5: Week 3 | J5: Week 4 | K5: Week 5 | L5: Week 6 | M5: Week 7 | N5: Week 8 | O5: Week 9 | P5: Week 10 | Q5: Total (/100) | R5: Avg (/10) | S5: Grade | T5: Status
G6: Mon | H6: Mon | I6: Mon | J6: Mon | K6: Mon | L6: Mon | M6: Mon
A7: 1 | B7: 26PGDM001 | C7: 28-Aadya.Shreysee@fiib.edu.in | D7: Aadya Shreysee | G7: {=IFERROR(INDEX('Mr Sandeep Kumar'!G:G,MATCH($B7,'Mr Sandeep Kumar'!$B:$B,0)),IFERROR(INDEX('Mr Manu Vikraman'!G:G,MATCH($B7,'Mr Manu Vikraman'!$B:$B,0)),""))} | H7: {=IFERROR(INDEX('Mr Sandeep Kumar'!H:H,MATCH($B7,'Mr Sandeep Kumar'!$B:$B,0)),IFERROR(INDEX('Mr Manu Vikraman'!H:H,MATCH($B7,'Mr Manu Vikraman'!$B:$B,0)),""))} | I7: {=IFERROR(INDEX('Mr Sandeep Kumar'!I:I,MATCH($B7,'Mr Sandeep Kumar'!$B:$B,0)),IFERROR(INDEX('Mr Manu Vikraman'!I:I,MATCH($B7,'Mr Manu Vikraman'!$B:$B,0)),""))} | J7: {=IFERROR(INDEX('Mr Sandeep Kumar'!J:J,MATCH($B7,'Mr Sandeep Kumar'!$B:$B,0)),IFERROR(INDEX('Mr Manu Vikraman'!J:J,MATCH($B7,'Mr Manu Vikraman'!$B:$B,0)),""))} | K7: {=IFERROR(INDEX('Mr Sandeep Kumar'!K:K,MATCH($B7,'Mr Sandeep Kumar'!$B:$B,0)),IFERROR(INDEX('Mr Manu Vikraman'!K:K,MATCH($B7,'Mr Manu Vikraman'!$B:$B,0)),""))} | L7: {=IFERROR(INDEX('Mr Sandeep Kumar'!L:L,MATCH($B7,'Mr Sandeep Kumar'!$B:$B,0)),IFERROR(INDEX('Mr Manu Vikraman'!L:L,MATCH($B7,'Mr Manu Vikraman'!$B:$B,0)),""))} | M7: {=IFERROR(INDEX('Mr Sandeep Kumar'!M:M,MATCH($B7,'Mr Sandeep Kumar'!$B:$B,0)),IFERROR(INDEX('Mr Manu Vikraman'!M:M,MATCH($B7,'Mr Manu Vikraman'!$B:$B,0)),""))} | N7: {=IFERROR(INDEX('Mr Sandeep Kumar'!N:N,MATCH($B7,'Mr Sandeep Kumar'!$B:$B,0)),IFERROR(INDEX('Mr Manu Vikraman'!N:N,MATCH($B7,'Mr Manu Vikraman'!$B:$B,0)),""))} | O7: {=IFERROR(INDEX('Mr Sandeep Kumar'!O:O,MATCH($B7,'Mr Sandeep Kumar'!$B:$B,0)),IFERROR(INDEX('Mr Manu Vikraman'!O:O,MATCH($B7,'Mr Manu Vikraman'!$B:$B,0)),""))} | P7: {=IFERROR(INDEX('Mr Sandeep Kumar'!P:P,MATCH($B7,'Mr Sandeep Kumar'!$B:$B,0)),IFERROR(INDEX('Mr Manu Vikraman'!P:P,MATCH($B7,'Mr Manu Vikraman'!$B:$B,0)),""))} | Q7: =IFERROR(SUM(G7:P7),0) -> 0 | R7: =IFERROR(Q7/IF(COUNTIF(G7:P7,">0")=0,1,COUNTIF(G7:P7,">0")),0) -> 0 | S7: =IF(R7>=9,"A+",IF(R7>=8,"A",IF(R7>=7,"B+",IF(R7>=6,"B",IF(R7>=5,"C","D"))))) -> D | T7: =IF(COUNTIF(G7:P7,">0")=10,"Completed",IF(COUNTIF(G7:P7,">0")>=5,"In Progress",IF(COUNTIF(G7:P7,">0")>0,"Started","Not Started"))) -> Not Started
A8: 2 | B8: 26PGDM002 | C8: 28-aditi.lakhotia@fiib.edu.in | D8: Aditi Lakhotia | G8: {=IFERROR(INDEX('Mr Sandeep Kumar'!G:G,MATCH($B8,'Mr Sandeep Kumar'!$B:$B,0)),IFERROR(INDEX('Mr Manu Vikraman'!G:G,MATCH($B8,'Mr Manu Vikraman'!$B:$B,0)),""))} | H8: {=IFERROR(INDEX('Mr Sandeep Kumar'!H:H,MATCH($B8,'Mr Sandeep Kumar'!$B:$B,0)),IFERROR(INDEX('Mr Manu Vikraman'!H:H,MATCH($B8,'Mr Manu Vikraman'!$B:$B,0)),""))} | I8: {=IFERROR(INDEX('Mr Sandeep Kumar'!I:I,MATCH($B8,'Mr Sandeep Kumar'!$B:$B,0)),IFERROR(INDEX('Mr Manu Vikraman'!I:I,MATCH($B8,'Mr Manu Vikraman'!$B:$B,0)),""))} | J8: {=IFERROR(INDEX('Mr Sandeep Kumar'!J:J,MATCH($B8,'Mr Sandeep Kumar'!$B:$B,0)),IFERROR(INDEX('Mr Manu Vikraman'!J:J,MATCH($B8,'Mr Manu Vikraman'!$B:$B,0)),""))} | K8: {=IFERROR(INDEX('Mr Sandeep Kumar'!K:K,MATCH($B8,'Mr Sandeep Kumar'!$B:$B,0)),IFERROR(INDEX('Mr Manu Vikraman'!K:K,MATCH($B8,'Mr Manu Vikraman'!$B:$B,0)),""))} | L8: {=IFERROR(INDEX('Mr Sandeep Kumar'!L:L,MATCH($B8,'Mr Sandeep Kumar'!$B:$B,0)),IFERROR(INDEX('Mr Manu Vikraman'!L:L,MATCH($B8,'Mr Manu Vikraman'!$B:$B,0)),""))} | M8: {=IFERROR(INDEX('Mr Sandeep Kumar'!M:M,MATCH($B8,'Mr Sandeep Kumar'!$B:$B,0)),IFERROR(INDEX('Mr Manu Vikraman'!M:M,MATCH($B8,'Mr Manu Vikraman'!$B:$B,0)),""))} | N8: {=IFERROR(INDEX('Mr Sandeep Kumar'!N:N,MATCH($B8,'Mr Sandeep Kumar'!$B:$B,0)),IFERROR(INDEX('Mr Manu Vikraman'!N:N,MATCH($B8,'Mr Manu Vikraman'!$B:$B,0)),""))} | O8: {=IFERROR(INDEX('Mr Sandeep Kumar'!O:O,MATCH($B8,'Mr Sandeep Kumar'!$B:$B,0)),IFERROR(INDEX('Mr Manu Vikraman'!O:O,MATCH($B8,'Mr Manu Vikraman'!$B:$B,0)),""))} | P8: {=IFERROR(INDEX('Mr Sandeep Kumar'!P:P,MATCH($B8,'Mr Sandeep Kumar'!$B:$B,0)),IFERROR(INDEX('Mr Manu Vikraman'!P:P,MATCH($B8,'Mr Manu Vikraman'!$B:$B,0)),""))} | Q8: =IFERROR(SUM(G8:P8),0) -> 0 | R8: =IFERROR(Q8/IF(COUNTIF(G8:P8,">0")=0,1,COUNTIF(G8:P8,">0")),0) -> 0 | S8: =IF(R8>=9,"A+",IF(R8>=8,"A",IF(R8>=7,"B+",IF(R8>=6,"B",IF(R8>=5,"C","D"))))) -> D | T8: =IF(COUNTIF(G8:P8,">0")=10,"Completed",IF(COUNTIF(G8:P8,">0")>=5,"In Progress",IF(COUNTIF(G8:P8,">0")>0,"Started","Not Started"))) -> Not Started
A9: 3 | B9: 26PGDM003 | C9: 28-Amisha.Kumari@fiib.edu.in | D9: Amisha Kumari | G9: {=IFERROR(INDEX('Mr Sandeep Kumar'!G:G,MATCH($B9,'Mr Sandeep Kumar'!$B:$B,0)),IFERROR(INDEX('Mr Manu Vikraman'!G:G,MATCH($B9,'Mr Manu Vikraman'!$B:$B,0)),""))} | H9: {=IFERROR(INDEX('Mr Sandeep Kumar'!H:H,MATCH($B9,'Mr Sandeep Kumar'!$B:$B,0)),IFERROR(INDEX('Mr Manu Vikraman'!H:H,MATCH($B9,'Mr Manu Vikraman'!$B:$B,0)),""))} | I9: {=IFERROR(INDEX('Mr Sandeep Kumar'!I:I,MATCH($B9,'Mr Sandeep Kumar'!$B:$B,0)),IFERROR(INDEX('Mr Manu Vikraman'!I:I,MATCH($B9,'Mr Manu Vikraman'!$B:$B,0)),""))} | J9: {=IFERROR(INDEX('Mr Sandeep Kumar'!J:J,MATCH($B9,'Mr Sandeep Kumar'!$B:$B,0)),IFERROR(INDEX('Mr Manu Vikraman'!J:J,MATCH($B9,'Mr Manu Vikraman'!$B:$B,0)),""))} | K9: {=IFERROR(INDEX('Mr Sandeep Kumar'!K:K,MATCH($B9,'Mr Sandeep Kumar'!$B:$B,0)),IFERROR(INDEX('Mr Manu Vikraman'!K:K,MATCH($B9,'Mr Manu Vikraman'!$B:$B,0)),""))} | L9: {=IFERROR(INDEX('Mr Sandeep Kumar'!L:L,MATCH($B9,'Mr Sandeep Kumar'!$B:$B,0)),IFERROR(INDEX('Mr Manu Vikraman'!L:L,MATCH($B9,'Mr Manu Vikraman'!$B:$B,0)),""))} | M9: {=IFERROR(INDEX('Mr Sandeep Kumar'!M:M,MATCH($B9,'Mr Sandeep Kumar'!$B:$B,0)),IFERROR(INDEX('Mr Manu Vikraman'!M:M,MATCH($B9,'Mr Manu Vikraman'!$B:$B,0)),""))} | N9: {=IFERROR(INDEX('Mr Sandeep Kumar'!N:N,MATCH($B9,'Mr Sandeep Kumar'!$B:$B,0)),IFERROR(INDEX('Mr Manu Vikraman'!N:N,MATCH($B9,'Mr Manu Vikraman'!$B:$B,0)),""))} | O9: {=IFERROR(INDEX('Mr Sandeep Kumar'!O:O,MATCH($B9,'Mr Sandeep Kumar'!$B:$B,0)),IFERROR(INDEX('Mr Manu Vikraman'!O:O,MATCH($B9,'Mr Manu Vikraman'!$B:$B,0)),""))} | P9: {=IFERROR(INDEX('Mr Sandeep Kumar'!P:P,MATCH($B9,'Mr Sandeep Kumar'!$B:$B,0)),IFERROR(INDEX('Mr Manu Vikraman'!P:P,MATCH($B9,'Mr Manu Vikraman'!$B:$B,0)),""))} | Q9: =IFERROR(SUM(G9:P9),0) -> 0 | R9: =IFERROR(Q9/IF(COUNTIF(G9:P9,">0")=0,1,COUNTIF(G9:P9,">0")),0) -> 0 | S9: =IF(R9>=9,"A+",IF(R9>=8,"A",IF(R9>=7,"B+",IF(R9>=6,"B",IF(R9>=5,"C","D"))))) -> D | T9: =IF(COUNTIF(G9:P9,">0")=10,"Completed",IF(COUNTIF(G9:P9,">0")>=5,"In Progress",IF(COUNTIF(G9:P9,">0")>0,"Started","Not Started"))) -> Not Started
A10: 4 | B10: 26PGDM004 | C10: 28-Anandita.Parihar@fiib.edu.in | D10: Anandita Parihar | G10: {=IFERROR(INDEX('Mr Sandeep Kumar'!G:G,MATCH($B10,'Mr Sandeep Kumar'!$B:$B,0)),IFERROR(INDEX('Mr Manu Vikraman'!G:G,MATCH($B10,'Mr Manu Vikraman'!$B:$B,0)),""))} | H10: {=IFERROR(INDEX('Mr Sandeep Kumar'!H:H,MATCH($B10,'Mr Sandeep Kumar'!$B:$B,0)),IFERROR(INDEX('Mr Manu Vikraman'!H:H,MATCH($B10,'Mr Manu Vikraman'!$B:$B,0)),""))} | I10: {=IFERROR(INDEX('Mr Sandeep Kumar'!I:I,MATCH($B10,'Mr Sandeep Kumar'!$B:$B,0)),IFERROR(INDEX('Mr Manu Vikraman'!I:I,MATCH($B10,'Mr Manu Vikraman'!$B:$B,0)),""))} | J10: {=IFERROR(INDEX('Mr Sandeep Kumar'!J:J,MATCH($B10,'Mr Sandeep Kumar'!$B:$B,0)),IFERROR(INDEX('Mr Manu Vikraman'!J:J,MATCH($B10,'Mr Manu Vikraman'!$B:$B,0)),""))} | K10: {=IFERROR(INDEX('Mr Sandeep Kumar'!K:K,MATCH($B10,'Mr Sandeep Kumar'!$B:$B,0)),IFERROR(INDEX('Mr Manu Vikraman'!K:K,MATCH($B10,'Mr Manu Vikraman'!$B:$B,0)),""))} | L10: {=IFERROR(INDEX('Mr Sandeep Kumar'!L:L,MATCH($B10,'Mr Sandeep Kumar'!$B:$B,0)),IFERROR(INDEX('Mr Manu Vikraman'!L:L,MATCH($B10,'Mr Manu Vikraman'!$B:$B,0)),""))} | M10: {=IFERROR(INDEX('Mr Sandeep Kumar'!M:M,MATCH($B10,'Mr Sandeep Kumar'!$B:$B,0)),IFERROR(INDEX('Mr Manu Vikraman'!M:M,MATCH($B10,'Mr Manu Vikraman'!$B:$B,0)),""))} | N10: {=IFERROR(INDEX('Mr Sandeep Kumar'!N:N,MATCH($B10,'Mr Sandeep Kumar'!$B:$B,0)),IFERROR(INDEX('Mr Manu Vikraman'!N:N,MATCH($B10,'Mr Manu Vikraman'!$B:$B,0)),""))} | O10: {=IFERROR(INDEX('Mr Sandeep Kumar'!O:O,MATCH($B10,'Mr Sandeep Kumar'!$B:$B,0)),IFERROR(INDEX('Mr Manu Vikraman'!O:O,MATCH($B10,'Mr Manu Vikraman'!$B:$B,0)),""))} | P10: {=IFERROR(INDEX('Mr Sandeep Kumar'!P:P,MATCH($B10,'Mr Sandeep Kumar'!$B:$B,0)),IFERROR(INDEX('Mr Manu Vikraman'!P:P,MATCH($B10,'Mr Manu Vikraman'!$B:$B,0)),""))} | Q10: =IFERROR(SUM(G10:P10),0) -> 0 | R10: =IFERROR(Q10/IF(COUNTIF(G10:P10,">0")=0,1,COUNTIF(G10:P10,">0")),0) -> 0 | S10: =IF(R10>=9,"A+",IF(R10>=8,"A",IF(R10>=7,"B+",IF(R10>=6,"B",IF(R10>=5,"C","D"))))) -> D | T10: =IF(COUNTIF(G10:P10,">0")=10,"Completed",IF(COUNTIF(G10:P10,">0")>=5,"In Progress",IF(COUNTIF(G10:P10,">0")>0,"Started","Not Started"))) -> Not Started
A11: 5 | B11: 26PGDM005 | C11: 28-aniket.sinha@fiib.edu.in | D11: Aniket Sinha | G11: {=IFERROR(INDEX('Mr Sandeep Kumar'!G:G,MATCH($B11,'Mr Sandeep Kumar'!$B:$B,0)),IFERROR(INDEX('Mr Manu Vikraman'!G:G,MATCH($B11,'Mr Manu Vikraman'!$B:$B,0)),""))} | H11: {=IFERROR(INDEX('Mr Sandeep Kumar'!H:H,MATCH($B11,'Mr Sandeep Kumar'!$B:$B,0)),IFERROR(INDEX('Mr Manu Vikraman'!H:H,MATCH($B11,'Mr Manu Vikraman'!$B:$B,0)),""))} | I11: {=IFERROR(INDEX('Mr Sandeep Kumar'!I:I,MATCH($B11,'Mr Sandeep Kumar'!$B:$B,0)),IFERROR(INDEX('Mr Manu Vikraman'!I:I,MATCH($B11,'Mr Manu Vikraman'!$B:$B,0)),""))} | J11: {=IFERROR(INDEX('Mr Sandeep Kumar'!J:J,MATCH($B11,'Mr Sandeep Kumar'!$B:$B,0)),IFERROR(INDEX('Mr Manu Vikraman'!J:J,MATCH($B11,'Mr Manu Vikraman'!$B:$B,0)),""))} | K11: {=IFERROR(INDEX('Mr Sandeep Kumar'!K:K,MATCH($B11,'Mr Sandeep Kumar'!$B:$B,0)),IFERROR(INDEX('Mr Manu Vikraman'!K:K,MATCH($B11,'Mr Manu Vikraman'!$B:$B,0)),""))} | L11: {=IFERROR(INDEX('Mr Sandeep Kumar'!L:L,MATCH($B11,'Mr Sandeep Kumar'!$B:$B,0)),IFERROR(INDEX('Mr Manu Vikraman'!L:L,MATCH($B11,'Mr Manu Vikraman'!$B:$B,0)),""))} | M11: {=IFERROR(INDEX('Mr Sandeep Kumar'!M:M,MATCH($B11,'Mr Sandeep Kumar'!$B:$B,0)),IFERROR(INDEX('Mr Manu Vikraman'!M:M,MATCH($B11,'Mr Manu Vikraman'!$B:$B,0)),""))} | N11: {=IFERROR(INDEX('Mr Sandeep Kumar'!N:N,MATCH($B11,'Mr Sandeep Kumar'!$B:$B,0)),IFERROR(INDEX('Mr Manu Vikraman'!N:N,MATCH($B11,'Mr Manu Vikraman'!$B:$B,0)),""))} | O11: {=IFERROR(INDEX('Mr Sandeep Kumar'!O:O,MATCH($B11,'Mr Sandeep Kumar'!$B:$B,0)),IFERROR(INDEX('Mr Manu Vikraman'!O:O,MATCH($B11,'Mr Manu Vikraman'!$B:$B,0)),""))} | P11: {=IFERROR(INDEX('Mr Sandeep Kumar'!P:P,MATCH($B11,'Mr Sandeep Kumar'!$B:$B,0)),IFERROR(INDEX('Mr Manu Vikraman'!P:P,MATCH($B11,'Mr Manu Vikraman'!$B:$B,0)),""))} | Q11: =IFERROR(SUM(G11:P11),0) -> 0 | R11: =IFERROR(Q11/IF(COUNTIF(G11:P11,">0")=0,1,COUNTIF(G11:P11,">0")),0) -> 0 | S11: =IF(R11>=9,"A+",IF(R11>=8,"A",IF(R11>=7,"B+",IF(R11>=6,"B",IF(R11>=5,"C","D"))))) -> D | T11: =IF(COUNTIF(G11:P11,">0")=10,"Completed",IF(COUNTIF(G11:P11,">0")>=5,"In Progress",IF(COUNTIF(G11:P11,">0")>0,"Started","Not Started"))) -> Not Started
A12: 6 | B12: 26PGDM006 | C12: 28-Anjali.Tiwari@fiib.edu.in | D12: Anjali Tiwari | G12: {=IFERROR(INDEX('Mr Sandeep Kumar'!G:G,MATCH($B12,'Mr Sandeep Kumar'!$B:$B,0)),IFERROR(INDEX('Mr Manu Vikraman'!G:G,MATCH($B12,'Mr Manu Vikraman'!$B:$B,0)),""))} | H12: {=IFERROR(INDEX('Mr Sandeep Kumar'!H:H,MATCH($B12,'Mr Sandeep Kumar'!$B:$B,0)),IFERROR(INDEX('Mr Manu Vikraman'!H:H,MATCH($B12,'Mr Manu Vikraman'!$B:$B,0)),""))} | I12: {=IFERROR(INDEX('Mr Sandeep Kumar'!I:I,MATCH($B12,'Mr Sandeep Kumar'!$B:$B,0)),IFERROR(INDEX('Mr Manu Vikraman'!I:I,MATCH($B12,'Mr Manu Vikraman'!$B:$B,0)),""))} | J12: {=IFERROR(INDEX('Mr Sandeep Kumar'!J:J,MATCH($B12,'Mr Sandeep Kumar'!$B:$B,0)),IFERROR(INDEX('Mr Manu Vikraman'!J:J,MATCH($B12,'Mr Manu Vikraman'!$B:$B,0)),""))} | K12: {=IFERROR(INDEX('Mr Sandeep Kumar'!K:K,MATCH($B12,'Mr Sandeep Kumar'!$B:$B,0)),IFERROR(INDEX('Mr Manu Vikraman'!K:K,MATCH($B12,'Mr Manu Vikraman'!$B:$B,0)),""))} | L12: {=IFERROR(INDEX('Mr Sandeep Kumar'!L:L,MATCH($B12,'Mr Sandeep Kumar'!$B:$B,0)),IFERROR(INDEX('Mr Manu Vikraman'!L:L,MATCH($B12,'Mr Manu Vikraman'!$B:$B,0)),""))} | M12: {=IFERROR(INDEX('Mr Sandeep Kumar'!M:M,MATCH($B12,'Mr Sandeep Kumar'!$B:$B,0)),IFERROR(INDEX('Mr Manu Vikraman'!M:M,MATCH($B12,'Mr Manu Vikraman'!$B:$B,0)),""))} | N12: {=IFERROR(INDEX('Mr Sandeep Kumar'!N:N,MATCH($B12,'Mr Sandeep Kumar'!$B:$B,0)),IFERROR(INDEX('Mr Manu Vikraman'!N:N,MATCH($B12,'Mr Manu Vikraman'!$B:$B,0)),""))} | O12: {=IFERROR(INDEX('Mr Sandeep Kumar'!O:O,MATCH($B12,'Mr Sandeep Kumar'!$B:$B,0)),IFERROR(INDEX('Mr Manu Vikraman'!O:O,MATCH($B12,'Mr Manu Vikraman'!$B:$B,0)),""))} | P12: {=IFERROR(INDEX('Mr Sandeep Kumar'!P:P,MATCH($B12,'Mr Sandeep Kumar'!$B:$B,0)),IFERROR(INDEX('Mr Manu Vikraman'!P:P,MATCH($B12,'Mr Manu Vikraman'!$B:$B,0)),""))} | Q12: =IFERROR(SUM(G12:P12),0) -> 0 | R12: =IFERROR(Q12/IF(COUNTIF(G12:P12,">0")=0,1,COUNTIF(G12:P12,">0")),0) -> 0 | S12: =IF(R12>=9,"A+",IF(R12>=8,"A",IF(R12>=7,"B+",IF(R12>=6,"B",IF(R12>=5,"C","D"))))) -> D | T12: =IF(COUNTIF(G12:P12,">0")=10,"Completed",IF(COUNTIF(G12:P12,">0")>=5,"In Progress",IF(COUNTIF(G12:P12,">0")>0,"Started","Not Started"))) -> Not Started
A13: 7 | B13: 26PGDM007 | C13: 28-Anushka.Singh@fiib.edu.in | D13: Anushka Singh | G13: {=IFERROR(INDEX('Mr Sandeep Kumar'!G:G,MATCH($B13,'Mr Sandeep Kumar'!$B:$B,0)),IFERROR(INDEX('Mr Manu Vikraman'!G:G,MATCH($B13,'Mr Manu Vikraman'!$B:$B,0)),""))} | H13: {=IFERROR(INDEX('Mr Sandeep Kumar'!H:H,MATCH($B13,'Mr Sandeep Kumar'!$B:$B,0)),IFERROR(INDEX('Mr Manu Vikraman'!H:H,MATCH($B13,'Mr Manu Vikraman'!$B:$B,0)),""))} | I13: {=IFERROR(INDEX('Mr Sandeep Kumar'!I:I,MATCH($B13,'Mr Sandeep Kumar'!$B:$B,0)),IFERROR(INDEX('Mr Manu Vikraman'!I:I,MATCH($B13,'Mr Manu Vikraman'!$B:$B,0)),""))} | J13: {=IFERROR(INDEX('Mr Sandeep Kumar'!J:J,MATCH($B13,'Mr Sandeep Kumar'!$B:$B,0)),IFERROR(INDEX('Mr Manu Vikraman'!J:J,MATCH($B13,'Mr Manu Vikraman'!$B:$B,0)),""))} | K13: {=IFERROR(INDEX('Mr Sandeep Kumar'!K:K,MATCH($B13,'Mr Sandeep Kumar'!$B:$B,0)),IFERROR(INDEX('Mr Manu Vikraman'!K:K,MATCH($B13,'Mr Manu Vikraman'!$B:$B,0)),""))} | L13: {=IFERROR(INDEX('Mr Sandeep Kumar'!L:L,MATCH($B13,'Mr Sandeep Kumar'!$B:$B,0)),IFERROR(INDEX('Mr Manu Vikraman'!L:L,MATCH($B13,'Mr Manu Vikraman'!$B:$B,0)),""))} | M13: {=IFERROR(INDEX('Mr Sandeep Kumar'!M:M,MATCH($B13,'Mr Sandeep Kumar'!$B:$B,0)),IFERROR(INDEX('Mr Manu Vikraman'!M:M,MATCH($B13,'Mr Manu Vikraman'!$B:$B,0)),""))} | N13: {=IFERROR(INDEX('Mr Sandeep Kumar'!N:N,MATCH($B13,'Mr Sandeep Kumar'!$B:$B,0)),IFERROR(INDEX('Mr Manu Vikraman'!N:N,MATCH($B13,'Mr Manu Vikraman'!$B:$B,0)),""))} | O13: {=IFERROR(INDEX('Mr Sandeep Kumar'!O:O,MATCH($B13,'Mr Sandeep Kumar'!$B:$B,0)),IFERROR(INDEX('Mr Manu Vikraman'!O:O,MATCH($B13,'Mr Manu Vikraman'!$B:$B,0)),""))} | P13: {=IFERROR(INDEX('Mr Sandeep Kumar'!P:P,MATCH($B13,'Mr Sandeep Kumar'!$B:$B,0)),IFERROR(INDEX('Mr Manu Vikraman'!P:P,MATCH($B13,'Mr Manu Vikraman'!$B:$B,0)),""))} | Q13: =IFERROR(SUM(G13:P13),0) -> 0 | R13: =IFERROR(Q13/IF(COUNTIF(G13:P13,">0")=0,1,COUNTIF(G13:P13,">0")),0) -> 0 | S13: =IF(R13>=9,"A+",IF(R13>=8,"A",IF(R13>=7,"B+",IF(R13>=6,"B",IF(R13>=5,"C","D"))))) -> D | T13: =IF(COUNTIF(G13:P13,">0")=10,"Completed",IF(COUNTIF(G13:P13,">0")>=5,"In Progress",IF(COUNTIF(G13:P13,">0")>0,"Started","Not Started"))) -> Not Started
A14: 8 | B14: 26PGDM008 | C14: 28-Anushka.Tiwari@fiib.edu.in | D14: Anushka Tiwari | G14: {=IFERROR(INDEX('Mr Sandeep Kumar'!G:G,MATCH($B14,'Mr Sandeep Kumar'!$B:$B,0)),IFERROR(INDEX('Mr Manu Vikraman'!G:G,MATCH($B14,'Mr Manu Vikraman'!$B:$B,0)),""))} | H14: {=IFERROR(INDEX('Mr Sandeep Kumar'!H:H,MATCH($B14,'Mr Sandeep Kumar'!$B:$B,0)),IFERROR(INDEX('Mr Manu Vikraman'!H:H,MATCH($B14,'Mr Manu Vikraman'!$B:$B,0)),""))} | I14: {=IFERROR(INDEX('Mr Sandeep Kumar'!I:I,MATCH($B14,'Mr Sandeep Kumar'!$B:$B,0)),IFERROR(INDEX('Mr Manu Vikraman'!I:I,MATCH($B14,'Mr Manu Vikraman'!$B:$B,0)),""))} | J14: {=IFERROR(INDEX('Mr Sandeep Kumar'!J:J,MATCH($B14,'Mr Sandeep Kumar'!$B:$B,0)),IFERROR(INDEX('Mr Manu Vikraman'!J:J,MATCH($B14,'Mr Manu Vikraman'!$B:$B,0)),""))} | K14: {=IFERROR(INDEX('Mr Sandeep Kumar'!K:K,MATCH($B14,'Mr Sandeep Kumar'!$B:$B,0)),IFERROR(INDEX('Mr Manu Vikraman'!K:K,MATCH($B14,'Mr Manu Vikraman'!$B:$B,0)),""))} | L14: {=IFERROR(INDEX('Mr Sandeep Kumar'!L:L,MATCH($B14,'Mr Sandeep Kumar'!$B:$B,0)),IFERROR(INDEX('Mr Manu Vikraman'!L:L,MATCH($B14,'Mr Manu Vikraman'!$B:$B,0)),""))} | M14: {=IFERROR(INDEX('Mr Sandeep Kumar'!M:M,MATCH($B14,'Mr Sandeep Kumar'!$B:$B,0)),IFERROR(INDEX('Mr Manu Vikraman'!M:M,MATCH($B14,'Mr Manu Vikraman'!$B:$B,0)),""))} | N14: {=IFERROR(INDEX('Mr Sandeep Kumar'!N:N,MATCH($B14,'Mr Sandeep Kumar'!$B:$B,0)),IFERROR(INDEX('Mr Manu Vikraman'!N:N,MATCH($B14,'Mr Manu Vikraman'!$B:$B,0)),""))} | O14: {=IFERROR(INDEX('Mr Sandeep Kumar'!O:O,MATCH($B14,'Mr Sandeep Kumar'!$B:$B,0)),IFERROR(INDEX('Mr Manu Vikraman'!O:O,MATCH($B14,'Mr Manu Vikraman'!$B:$B,0)),""))} | P14: {=IFERROR(INDEX('Mr Sandeep Kumar'!P:P,MATCH($B14,'Mr Sandeep Kumar'!$B:$B,0)),IFERROR(INDEX('Mr Manu Vikraman'!P:P,MATCH($B14,'Mr Manu Vikraman'!$B:$B,0)),""))} | Q14: =IFERROR(SUM(G14:P14),0) -> 0 | R14: =IFERROR(Q14/IF(COUNTIF(G14:P14,">0")=0,1,COUNTIF(G14:P14,">0")),0) -> 0 | S14: =IF(R14>=9,"A+",IF(R14>=8,"A",IF(R14>=7,"B+",IF(R14>=6,"B",IF(R14>=5,"C","D"))))) -> D | T14: =IF(COUNTIF(G14:P14,">0")=10,"Completed",IF(COUNTIF(G14:P14,">0")>=5,"In Progress",IF(COUNTIF(G14:P14,">0")>0,"Started","Not Started"))) -> Not Started
A15: 9 | B15: 26PGDM009 | C15: 28-arshalan.noor@fiib.edu.in | D15: Arshalan Noor | G15: {=IFERROR(INDEX('Mr Sandeep Kumar'!G:G,MATCH($B15,'Mr Sandeep Kumar'!$B:$B,0)),IFERROR(INDEX('Mr Manu Vikraman'!G:G,MATCH($B15,'Mr Manu Vikraman'!$B:$B,0)),""))} | H15: {=IFERROR(INDEX('Mr Sandeep Kumar'!H:H,MATCH($B15,'Mr Sandeep Kumar'!$B:$B,0)),IFERROR(INDEX('Mr Manu Vikraman'!H:H,MATCH($B15,'Mr Manu Vikraman'!$B:$B,0)),""))} | I15: {=IFERROR(INDEX('Mr Sandeep Kumar'!I:I,MATCH($B15,'Mr Sandeep Kumar'!$B:$B,0)),IFERROR(INDEX('Mr Manu Vikraman'!I:I,MATCH($B15,'Mr Manu Vikraman'!$B:$B,0)),""))} | J15: {=IFERROR(INDEX('Mr Sandeep Kumar'!J:J,MATCH($B15,'Mr Sandeep Kumar'!$B:$B,0)),IFERROR(INDEX('Mr Manu Vikraman'!J:J,MATCH($B15,'Mr Manu Vikraman'!$B:$B,0)),""))} | K15: {=IFERROR(INDEX('Mr Sandeep Kumar'!K:K,MATCH($B15,'Mr Sandeep Kumar'!$B:$B,0)),IFERROR(INDEX('Mr Manu Vikraman'!K:K,MATCH($B15,'Mr Manu Vikraman'!$B:$B,0)),""))} | L15: {=IFERROR(INDEX('Mr Sandeep Kumar'!L:L,MATCH($B15,'Mr Sandeep Kumar'!$B:$B,0)),IFERROR(INDEX('Mr Manu Vikraman'!L:L,MATCH($B15,'Mr Manu Vikraman'!$B:$B,0)),""))} | M15: {=IFERROR(INDEX('Mr Sandeep Kumar'!M:M,MATCH($B15,'Mr Sandeep Kumar'!$B:$B,0)),IFERROR(INDEX('Mr Manu Vikraman'!M:M,MATCH($B15,'Mr Manu Vikraman'!$B:$B,0)),""))} | N15: {=IFERROR(INDEX('Mr Sandeep Kumar'!N:N,MATCH($B15,'Mr Sandeep Kumar'!$B:$B,0)),IFERROR(INDEX('Mr Manu Vikraman'!N:N,MATCH($B15,'Mr Manu Vikraman'!$B:$B,0)),""))} | O15: {=IFERROR(INDEX('Mr Sandeep Kumar'!O:O,MATCH($B15,'Mr Sandeep Kumar'!$B:$B,0)),IFERROR(INDEX('Mr Manu Vikraman'!O:O,MATCH($B15,'Mr Manu Vikraman'!$B:$B,0)),""))} | P15: {=IFERROR(INDEX('Mr Sandeep Kumar'!P:P,MATCH($B15,'Mr Sandeep Kumar'!$B:$B,0)),IFERROR(INDEX('Mr Manu Vikraman'!P:P,MATCH($B15,'Mr Manu Vikraman'!$B:$B,0)),""))} | Q15: =IFERROR(SUM(G15:P15),0) -> 0 | R15: =IFERROR(Q15/IF(COUNTIF(G15:P15,">0")=0,1,COUNTIF(G15:P15,">0")),0) -> 0 | S15: =IF(R15>=9,"A+",IF(R15>=8,"A",IF(R15>=7,"B+",IF(R15>=6,"B",IF(R15>=5,"C","D"))))) -> D | T15: =IF(COUNTIF(G15:P15,">0")=10,"Completed",IF(COUNTIF(G15:P15,">0")>=5,"In Progress",IF(COUNTIF(G15:P15,">0")>0,"Started","Not Started"))) -> Not Started
A16: 10 | B16: 26PGDM010 | C16: 28-Chandan.Pant@fiib.edu.in | D16: Chandan Pant | G16: {=IFERROR(INDEX('Mr Sandeep Kumar'!G:G,MATCH($B16,'Mr Sandeep Kumar'!$B:$B,0)),IFERROR(INDEX('Mr Manu Vikraman'!G:G,MATCH($B16,'Mr Manu Vikraman'!$B:$B,0)),""))} | H16: {=IFERROR(INDEX('Mr Sandeep Kumar'!H:H,MATCH($B16,'Mr Sandeep Kumar'!$B:$B,0)),IFERROR(INDEX('Mr Manu Vikraman'!H:H,MATCH($B16,'Mr Manu Vikraman'!$B:$B,0)),""))} | I16: {=IFERROR(INDEX('Mr Sandeep Kumar'!I:I,MATCH($B16,'Mr Sandeep Kumar'!$B:$B,0)),IFERROR(INDEX('Mr Manu Vikraman'!I:I,MATCH($B16,'Mr Manu Vikraman'!$B:$B,0)),""))} | J16: {=IFERROR(INDEX('Mr Sandeep Kumar'!J:J,MATCH($B16,'Mr Sandeep Kumar'!$B:$B,0)),IFERROR(INDEX('Mr Manu Vikraman'!J:J,MATCH($B16,'Mr Manu Vikraman'!$B:$B,0)),""))} | K16: {=IFERROR(INDEX('Mr Sandeep Kumar'!K:K,MATCH($B16,'Mr Sandeep Kumar'!$B:$B,0)),IFERROR(INDEX('Mr Manu Vikraman'!K:K,MATCH($B16,'Mr Manu Vikraman'!$B:$B,0)),""))} | L16: {=IFERROR(INDEX('Mr Sandeep Kumar'!L:L,MATCH($B16,'Mr Sandeep Kumar'!$B:$B,0)),IFERROR(INDEX('Mr Manu Vikraman'!L:L,MATCH($B16,'Mr Manu Vikraman'!$B:$B,0)),""))} | M16: {=IFERROR(INDEX('Mr Sandeep Kumar'!M:M,MATCH($B16,'Mr Sandeep Kumar'!$B:$B,0)),IFERROR(INDEX('Mr Manu Vikraman'!M:M,MATCH($B16,'Mr Manu Vikraman'!$B:$B,0)),""))} | N16: {=IFERROR(INDEX('Mr Sandeep Kumar'!N:N,MATCH($B16,'Mr Sandeep Kumar'!$B:$B,0)),IFERROR(INDEX('Mr Manu Vikraman'!N:N,MATCH($B16,'Mr Manu Vikraman'!$B:$B,0)),""))} | O16: {=IFERROR(INDEX('Mr Sandeep Kumar'!O:O,MATCH($B16,'Mr Sandeep Kumar'!$B:$B,0)),IFERROR(INDEX('Mr Manu Vikraman'!O:O,MATCH($B16,'Mr Manu Vikraman'!$B:$B,0)),""))} | P16: {=IFERROR(INDEX('Mr Sandeep Kumar'!P:P,MATCH($B16,'Mr Sandeep Kumar'!$B:$B,0)),IFERROR(INDEX('Mr Manu Vikraman'!P:P,MATCH($B16,'Mr Manu Vikraman'!$B:$B,0)),""))} | Q16: =IFERROR(SUM(G16:P16),0) -> 0 | R16: =IFERROR(Q16/IF(COUNTIF(G16:P16,">0")=0,1,COUNTIF(G16:P16,">0")),0) -> 0 | S16: =IF(R16>=9,"A+",IF(R16>=8,"A",IF(R16>=7,"B+",IF(R16>=6,"B",IF(R16>=5,"C","D"))))) -> D | T16: =IF(COUNTIF(G16:P16,">0")=10,"Completed",IF(COUNTIF(G16:P16,">0")>=5,"In Progress",IF(COUNTIF(G16:P16,">0")>0,"Started","Not Started"))) -> Not Started
A17: 11 | B17: 26PGDM011 | C17: 28-Dherya.Mittal@fiib.edu.in | D17: Dherya Mittal | G17: {=IFERROR(INDEX('Mr Sandeep Kumar'!G:G,MATCH($B17,'Mr Sandeep Kumar'!$B:$B,0)),IFERROR(INDEX('Mr Manu Vikraman'!G:G,MATCH($B17,'Mr Manu Vikraman'!$B:$B,0)),""))} | H17: {=IFERROR(INDEX('Mr Sandeep Kumar'!H:H,MATCH($B17,'Mr Sandeep Kumar'!$B:$B,0)),IFERROR(INDEX('Mr Manu Vikraman'!H:H,MATCH($B17,'Mr Manu Vikraman'!$B:$B,0)),""))} | I17: {=IFERROR(INDEX('Mr Sandeep Kumar'!I:I,MATCH($B17,'Mr Sandeep Kumar'!$B:$B,0)),IFERROR(INDEX('Mr Manu Vikraman'!I:I,MATCH($B17,'Mr Manu Vikraman'!$B:$B,0)),""))} | J17: {=IFERROR(INDEX('Mr Sandeep Kumar'!J:J,MATCH($B17,'Mr Sandeep Kumar'!$B:$B,0)),IFERROR(INDEX('Mr Manu Vikraman'!J:J,MATCH($B17,'Mr Manu Vikraman'!$B:$B,0)),""))} | K17: {=IFERROR(INDEX('Mr Sandeep Kumar'!K:K,MATCH($B17,'Mr Sandeep Kumar'!$B:$B,0)),IFERROR(INDEX('Mr Manu Vikraman'!K:K,MATCH($B17,'Mr Manu Vikraman'!$B:$B,0)),""))} | L17: {=IFERROR(INDEX('Mr Sandeep Kumar'!L:L,MATCH($B17,'Mr Sandeep Kumar'!$B:$B,0)),IFERROR(INDEX('Mr Manu Vikraman'!L:L,MATCH($B17,'Mr Manu Vikraman'!$B:$B,0)),""))} | M17: {=IFERROR(INDEX('Mr Sandeep Kumar'!M:M,MATCH($B17,'Mr Sandeep Kumar'!$B:$B,0)),IFERROR(INDEX('Mr Manu Vikraman'!M:M,MATCH($B17,'Mr Manu Vikraman'!$B:$B,0)),""))} | N17: {=IFERROR(INDEX('Mr Sandeep Kumar'!N:N,MATCH($B17,'Mr Sandeep Kumar'!$B:$B,0)),IFERROR(INDEX('Mr Manu Vikraman'!N:N,MATCH($B17,'Mr Manu Vikraman'!$B:$B,0)),""))} | O17: {=IFERROR(INDEX('Mr Sandeep Kumar'!O:O,MATCH($B17,'Mr Sandeep Kumar'!$B:$B,0)),IFERROR(INDEX('Mr Manu Vikraman'!O:O,MATCH($B17,'Mr Manu Vikraman'!$B:$B,0)),""))} | P17: {=IFERROR(INDEX('Mr Sandeep Kumar'!P:P,MATCH($B17,'Mr Sandeep Kumar'!$B:$B,0)),IFERROR(INDEX('Mr Manu Vikraman'!P:P,MATCH($B17,'Mr Manu Vikraman'!$B:$B,0)),""))} | Q17: =IFERROR(SUM(G17:P17),0) -> 0 | R17: =IFERROR(Q17/IF(COUNTIF(G17:P17,">0")=0,1,COUNTIF(G17:P17,">0")),0) -> 0 | S17: =IF(R17>=9,"A+",IF(R17>=8,"A",IF(R17>=7,"B+",IF(R17>=6,"B",IF(R17>=5,"C","D"))))) -> D | T17: =IF(COUNTIF(G17:P17,">0")=10,"Completed",IF(COUNTIF(G17:P17,">0")>=5,"In Progress",IF(COUNTIF(G17:P17,">0")>0,"Started","Not Started"))) -> Not Started
A18: 12 | B18: 26PGDM012 | C18: 28-Ekta.Singh@fiib.edu.in | D18: Ekta Singh | G18: {=IFERROR(INDEX('Mr Sandeep Kumar'!G:G,MATCH($B18,'Mr Sandeep Kumar'!$B:$B,0)),IFERROR(INDEX('Mr Manu Vikraman'!G:G,MATCH($B18,'Mr Manu Vikraman'!$B:$B,0)),""))} | H18: {=IFERROR(INDEX('Mr Sandeep Kumar'!H:H,MATCH($B18,'Mr Sandeep Kumar'!$B:$B,0)),IFERROR(INDEX('Mr Manu Vikraman'!H:H,MATCH($B18,'Mr Manu Vikraman'!$B:$B,0)),""))} | I18: {=IFERROR(INDEX('Mr Sandeep Kumar'!I:I,MATCH($B18,'Mr Sandeep Kumar'!$B:$B,0)),IFERROR(INDEX('Mr Manu Vikraman'!I:I,MATCH($B18,'Mr Manu Vikraman'!$B:$B,0)),""))} | J18: {=IFERROR(INDEX('Mr Sandeep Kumar'!J:J,MATCH($B18,'Mr Sandeep Kumar'!$B:$B,0)),IFERROR(INDEX('Mr Manu Vikraman'!J:J,MATCH($B18,'Mr Manu Vikraman'!$B:$B,0)),""))} | K18: {=IFERROR(INDEX('Mr Sandeep Kumar'!K:K,MATCH($B18,'Mr Sandeep Kumar'!$B:$B,0)),IFERROR(INDEX('Mr Manu Vikraman'!K:K,MATCH($B18,'Mr Manu Vikraman'!$B:$B,0)),""))} | L18: {=IFERROR(INDEX('Mr Sandeep Kumar'!L:L,MATCH($B18,'Mr Sandeep Kumar'!$B:$B,0)),IFERROR(INDEX('Mr Manu Vikraman'!L:L,MATCH($B18,'Mr Manu Vikraman'!$B:$B,0)),""))} | M18: {=IFERROR(INDEX('Mr Sandeep Kumar'!M:M,MATCH($B18,'Mr Sandeep Kumar'!$B:$B,0)),IFERROR(INDEX('Mr Manu Vikraman'!M:M,MATCH($B18,'Mr Manu Vikraman'!$B:$B,0)),""))} | N18: {=IFERROR(INDEX('Mr Sandeep Kumar'!N:N,MATCH($B18,'Mr Sandeep Kumar'!$B:$B,0)),IFERROR(INDEX('Mr Manu Vikraman'!N:N,MATCH($B18,'Mr Manu Vikraman'!$B:$B,0)),""))} | O18: {=IFERROR(INDEX('Mr Sandeep Kumar'!O:O,MATCH($B18,'Mr Sandeep Kumar'!$B:$B,0)),IFERROR(INDEX('Mr Manu Vikraman'!O:O,MATCH($B18,'Mr Manu Vikraman'!$B:$B,0)),""))} | P18: {=IFERROR(INDEX('Mr Sandeep Kumar'!P:P,MATCH($B18,'Mr Sandeep Kumar'!$B:$B,0)),IFERROR(INDEX('Mr Manu Vikraman'!P:P,MATCH($B18,'Mr Manu Vikraman'!$B:$B,0)),""))} | Q18: =IFERROR(SUM(G18:P18),0) -> 0 | R18: =IFERROR(Q18/IF(COUNTIF(G18:P18,">0")=0,1,COUNTIF(G18:P18,">0")),0) -> 0 | S18: =IF(R18>=9,"A+",IF(R18>=8,"A",IF(R18>=7,"B+",IF(R18>=6,"B",IF(R18>=5,"C","D"))))) -> D | T18: =IF(COUNTIF(G18:P18,">0")=10,"Completed",IF(COUNTIF(G18:P18,">0")>=5,"In Progress",IF(COUNTIF(G18:P18,">0")>0,"Started","Not Started"))) -> Not Started
... A109: 103 | B109: 26PGDM155 | C109: 28-Vaibhav.Chatterjee@fiib.edu.in | D109: Vaibhav Chatterjee | G109: {=IFERROR(INDEX('Mr Sandeep Kumar'!G:G,MATCH($B109,'Mr Sandeep Kumar'!$B:$B,0)),IFERROR(INDEX('Mr Manu Vikraman'!G:G,MATCH($B109,'Mr Manu Vikraman'!$B:$B,0)),""))} | H109: {=IFERROR(INDEX('Mr Sandeep Kumar'!H:H,MATCH($B109,'Mr Sandeep Kumar'!$B:$B,0)),IFERROR(INDEX('Mr Manu Vikraman'!H:H,MATCH($B109,'Mr Manu Vikraman'!$B:$B,0)),""))} | I109: {=IFERROR(INDEX('Mr Sandeep Kumar'!I:I,MATCH($B109,'Mr Sandeep Kumar'!$B:$B,0)),IFERROR(INDEX('Mr Manu Vikraman'!I:I,MATCH($B109,'Mr Manu Vikraman'!$B:$B,0)),""))} | J109: {=IFERROR(INDEX('Mr Sandeep Kumar'!J:J,MATCH($B109,'Mr Sandeep Kumar'!$B:$B,0)),IFERROR(INDEX('Mr Manu Vikraman'!J:J,MATCH($B109,'Mr Manu Vikraman'!$B:$B,0)),""))} | K109: {=IFERROR(INDEX('Mr Sandeep Kumar'!K:K,MATCH($B109,'Mr Sandeep Kumar'!$B:$B,0)),IFERROR(INDEX('Mr Manu Vikraman'!K:K,MATCH($B109,'Mr Manu Vikraman'!$B:$B,0)),""))} | L109: {=IFERROR(INDEX('Mr Sandeep Kumar'!L:L,MATCH($B109,'Mr Sandeep Kumar'!$B:$B,0)),IFERROR(INDEX('Mr Manu Vikraman'!L:L,MATCH($B109,'Mr Manu Vikraman'!$B:$B,0)),""))} | M109: {=IFERROR(INDEX('Mr Sandeep Kumar'!M:M,MATCH($B109,'Mr Sandeep Kumar'!$B:$B,0)),IFERROR(INDEX('Mr Manu Vikraman'!M:M,MATCH($B109,'Mr Manu Vikraman'!$B:$B,0)),""))} | N109: {=IFERROR(INDEX('Mr Sandeep Kumar'!N:N,MATCH($B109,'Mr Sandeep Kumar'!$B:$B,0)),IFERROR(INDEX('Mr Manu Vikraman'!N:N,MATCH($B109,'Mr Manu Vikraman'!$B:$B,0)),""))} | O109: {=IFERROR(INDEX('Mr Sandeep Kumar'!O:O,MATCH($B109,'Mr Sandeep Kumar'!$B:$B,0)),IFERROR(INDEX('Mr Manu Vikraman'!O:O,MATCH($B109,'Mr Manu Vikraman'!$B:$B,0)),""))} | P109: {=IFERROR(INDEX('Mr Sandeep Kumar'!P:P,MATCH($B109,'Mr Sandeep Kumar'!$B:$B,0)),IFERROR(INDEX('Mr Manu Vikraman'!P:P,MATCH($B109,'Mr Manu Vikraman'!$B:$B,0)),""))} | Q109: =IFERROR(SUM(G109:P109),0) -> 0 | R109: =IFERROR(Q109/IF(COUNTIF(G109:P109,">0")=0,1,COUNTIF(G109:P109,">0")),0) -> 0 | S109: =IF(R109>=9,"A+",IF(R109>=8,"A",IF(R109>=7,"B+",IF(R109>=6,"B",IF(R109>=5,"C","D"))))) -> D | T109: =IF(COUNTIF(G109:P109,">0")=10,"Completed",IF(COUNTIF(G109:P109,">0")>=5,"In Progress",IF(COUNTIF(G109:P109,">0")>0,"Started","Not Started"))) -> Not Started
A110: 104 | C110: 28-yash.jindal@fiib.edu.in | D110: Yash Jindal | G110: {=IFERROR(INDEX('Mr Sandeep Kumar'!G:G,MATCH($B110,'Mr Sandeep Kumar'!$B:$B,0)),IFERROR(INDEX('Mr Manu Vikraman'!G:G,MATCH($B110,'Mr Manu Vikraman'!$B:$B,0)),""))} | H110: {=IFERROR(INDEX('Mr Sandeep Kumar'!H:H,MATCH($B110,'Mr Sandeep Kumar'!$B:$B,0)),IFERROR(INDEX('Mr Manu Vikraman'!H:H,MATCH($B110,'Mr Manu Vikraman'!$B:$B,0)),""))} | I110: {=IFERROR(INDEX('Mr Sandeep Kumar'!I:I,MATCH($B110,'Mr Sandeep Kumar'!$B:$B,0)),IFERROR(INDEX('Mr Manu Vikraman'!I:I,MATCH($B110,'Mr Manu Vikraman'!$B:$B,0)),""))} | J110: {=IFERROR(INDEX('Mr Sandeep Kumar'!J:J,MATCH($B110,'Mr Sandeep Kumar'!$B:$B,0)),IFERROR(INDEX('Mr Manu Vikraman'!J:J,MATCH($B110,'Mr Manu Vikraman'!$B:$B,0)),""))} | K110: {=IFERROR(INDEX('Mr Sandeep Kumar'!K:K,MATCH($B110,'Mr Sandeep Kumar'!$B:$B,0)),IFERROR(INDEX('Mr Manu Vikraman'!K:K,MATCH($B110,'Mr Manu Vikraman'!$B:$B,0)),""))} | L110: {=IFERROR(INDEX('Mr Sandeep Kumar'!L:L,MATCH($B110,'Mr Sandeep Kumar'!$B:$B,0)),IFERROR(INDEX('Mr Manu Vikraman'!L:L,MATCH($B110,'Mr Manu Vikraman'!$B:$B,0)),""))} | M110: {=IFERROR(INDEX('Mr Sandeep Kumar'!M:M,MATCH($B110,'Mr Sandeep Kumar'!$B:$B,0)),IFERROR(INDEX('Mr Manu Vikraman'!M:M,MATCH($B110,'Mr Manu Vikraman'!$B:$B,0)),""))} | N110: {=IFERROR(INDEX('Mr Sandeep Kumar'!N:N,MATCH($B110,'Mr Sandeep Kumar'!$B:$B,0)),IFERROR(INDEX('Mr Manu Vikraman'!N:N,MATCH($B110,'Mr Manu Vikraman'!$B:$B,0)),""))} | O110: {=IFERROR(INDEX('Mr Sandeep Kumar'!O:O,MATCH($B110,'Mr Sandeep Kumar'!$B:$B,0)),IFERROR(INDEX('Mr Manu Vikraman'!O:O,MATCH($B110,'Mr Manu Vikraman'!$B:$B,0)),""))} | P110: {=IFERROR(INDEX('Mr Sandeep Kumar'!P:P,MATCH($B110,'Mr Sandeep Kumar'!$B:$B,0)),IFERROR(INDEX('Mr Manu Vikraman'!P:P,MATCH($B110,'Mr Manu Vikraman'!$B:$B,0)),""))} | Q110: =IFERROR(SUM(G110:P110),0) -> 0 | R110: =IFERROR(Q110/IF(COUNTIF(G110:P110,">0")=0,1,COUNTIF(G110:P110,">0")),0) -> 0 | S110: =IF(R110>=9,"A+",IF(R110>=8,"A",IF(R110>=7,"B+",IF(R110>=6,"B",IF(R110>=5,"C","D"))))) -> D | T110: =IF(COUNTIF(G110:P110,">0")=10,"Completed",IF(COUNTIF(G110:P110,">0")>=5,"In Progress",IF(COUNTIF(G110:P110,">0")>0,"Started","Not Started"))) -> Not Started
A111: 105 | B111: 26PGDMFM001 | C111: 28-aaditya@fiib.edu.in | D111: Aaditya . | G111: {=IFERROR(INDEX('Mr Sandeep Kumar'!G:G,MATCH($B111,'Mr Sandeep Kumar'!$B:$B,0)),IFERROR(INDEX('Mr Manu Vikraman'!G:G,MATCH($B111,'Mr Manu Vikraman'!$B:$B,0)),""))} | H111: {=IFERROR(INDEX('Mr Sandeep Kumar'!H:H,MATCH($B111,'Mr Sandeep Kumar'!$B:$B,0)),IFERROR(INDEX('Mr Manu Vikraman'!H:H,MATCH($B111,'Mr Manu Vikraman'!$B:$B,0)),""))} | I111: {=IFERROR(INDEX('Mr Sandeep Kumar'!I:I,MATCH($B111,'Mr Sandeep Kumar'!$B:$B,0)),IFERROR(INDEX('Mr Manu Vikraman'!I:I,MATCH($B111,'Mr Manu Vikraman'!$B:$B,0)),""))} | J111: {=IFERROR(INDEX('Mr Sandeep Kumar'!J:J,MATCH($B111,'Mr Sandeep Kumar'!$B:$B,0)),IFERROR(INDEX('Mr Manu Vikraman'!J:J,MATCH($B111,'Mr Manu Vikraman'!$B:$B,0)),""))} | K111: {=IFERROR(INDEX('Mr Sandeep Kumar'!K:K,MATCH($B111,'Mr Sandeep Kumar'!$B:$B,0)),IFERROR(INDEX('Mr Manu Vikraman'!K:K,MATCH($B111,'Mr Manu Vikraman'!$B:$B,0)),""))} | L111: {=IFERROR(INDEX('Mr Sandeep Kumar'!L:L,MATCH($B111,'Mr Sandeep Kumar'!$B:$B,0)),IFERROR(INDEX('Mr Manu Vikraman'!L:L,MATCH($B111,'Mr Manu Vikraman'!$B:$B,0)),""))} | M111: {=IFERROR(INDEX('Mr Sandeep Kumar'!M:M,MATCH($B111,'Mr Sandeep Kumar'!$B:$B,0)),IFERROR(INDEX('Mr Manu Vikraman'!M:M,MATCH($B111,'Mr Manu Vikraman'!$B:$B,0)),""))} | N111: {=IFERROR(INDEX('Mr Sandeep Kumar'!N:N,MATCH($B111,'Mr Sandeep Kumar'!$B:$B,0)),IFERROR(INDEX('Mr Manu Vikraman'!N:N,MATCH($B111,'Mr Manu Vikraman'!$B:$B,0)),""))} | O111: {=IFERROR(INDEX('Mr Sandeep Kumar'!O:O,MATCH($B111,'Mr Sandeep Kumar'!$B:$B,0)),IFERROR(INDEX('Mr Manu Vikraman'!O:O,MATCH($B111,'Mr Manu Vikraman'!$B:$B,0)),""))} | P111: {=IFERROR(INDEX('Mr Sandeep Kumar'!P:P,MATCH($B111,'Mr Sandeep Kumar'!$B:$B,0)),IFERROR(INDEX('Mr Manu Vikraman'!P:P,MATCH($B111,'Mr Manu Vikraman'!$B:$B,0)),""))} | Q111: =IFERROR(SUM(G111:P111),0) -> 0 | R111: =IFERROR(Q111/IF(COUNTIF(G111:P111,">0")=0,1,COUNTIF(G111:P111,">0")),0) -> 0 | S111: =IF(R111>=9,"A+",IF(R111>=8,"A",IF(R111>=7,"B+",IF(R111>=6,"B",IF(R111>=5,"C","D"))))) -> D | T111: =IF(COUNTIF(G111:P111,">0")=10,"Completed",IF(COUNTIF(G111:P111,">0")>=5,"In Progress",IF(COUNTIF(G111:P111,">0")>0,"Started","Not Started"))) -> Not Started
A112: 106 | B112: 26PGDMFM002 | C112: 28-Aarushi.Verma@fiib.edu.in | D112: Aarushi Verma | G112: {=IFERROR(INDEX('Mr Sandeep Kumar'!G:G,MATCH($B112,'Mr Sandeep Kumar'!$B:$B,0)),IFERROR(INDEX('Mr Manu Vikraman'!G:G,MATCH($B112,'Mr Manu Vikraman'!$B:$B,0)),""))} | H112: {=IFERROR(INDEX('Mr Sandeep Kumar'!H:H,MATCH($B112,'Mr Sandeep Kumar'!$B:$B,0)),IFERROR(INDEX('Mr Manu Vikraman'!H:H,MATCH($B112,'Mr Manu Vikraman'!$B:$B,0)),""))} | I112: {=IFERROR(INDEX('Mr Sandeep Kumar'!I:I,MATCH($B112,'Mr Sandeep Kumar'!$B:$B,0)),IFERROR(INDEX('Mr Manu Vikraman'!I:I,MATCH($B112,'Mr Manu Vikraman'!$B:$B,0)),""))} | J112: {=IFERROR(INDEX('Mr Sandeep Kumar'!J:J,MATCH($B112,'Mr Sandeep Kumar'!$B:$B,0)),IFERROR(INDEX('Mr Manu Vikraman'!J:J,MATCH($B112,'Mr Manu Vikraman'!$B:$B,0)),""))} | K112: {=IFERROR(INDEX('Mr Sandeep Kumar'!K:K,MATCH($B112,'Mr Sandeep Kumar'!$B:$B,0)),IFERROR(INDEX('Mr Manu Vikraman'!K:K,MATCH($B112,'Mr Manu Vikraman'!$B:$B,0)),""))} | L112: {=IFERROR(INDEX('Mr Sandeep Kumar'!L:L,MATCH($B112,'Mr Sandeep Kumar'!$B:$B,0)),IFERROR(INDEX('Mr Manu Vikraman'!L:L,MATCH($B112,'Mr Manu Vikraman'!$B:$B,0)),""))} | M112: {=IFERROR(INDEX('Mr Sandeep Kumar'!M:M,MATCH($B112,'Mr Sandeep Kumar'!$B:$B,0)),IFERROR(INDEX('Mr Manu Vikraman'!M:M,MATCH($B112,'Mr Manu Vikraman'!$B:$B,0)),""))} | N112: {=IFERROR(INDEX('Mr Sandeep Kumar'!N:N,MATCH($B112,'Mr Sandeep Kumar'!$B:$B,0)),IFERROR(INDEX('Mr Manu Vikraman'!N:N,MATCH($B112,'Mr Manu Vikraman'!$B:$B,0)),""))} | O112: {=IFERROR(INDEX('Mr Sandeep Kumar'!O:O,MATCH($B112,'Mr Sandeep Kumar'!$B:$B,0)),IFERROR(INDEX('Mr Manu Vikraman'!O:O,MATCH($B112,'Mr Manu Vikraman'!$B:$B,0)),""))} | P112: {=IFERROR(INDEX('Mr Sandeep Kumar'!P:P,MATCH($B112,'Mr Sandeep Kumar'!$B:$B,0)),IFERROR(INDEX('Mr Manu Vikraman'!P:P,MATCH($B112,'Mr Manu Vikraman'!$B:$B,0)),""))} | Q112: =IFERROR(SUM(G112:P112),0) -> 0 | R112: =IFERROR(Q112/IF(COUNTIF(G112:P112,">0")=0,1,COUNTIF(G112:P112,">0")),0) -> 0 | S112: =IF(R112>=9,"A+",IF(R112>=8,"A",IF(R112>=7,"B+",IF(R112>=6,"B",IF(R112>=5,"C","D"))))) -> D | T112: =IF(COUNTIF(G112:P112,">0")=10,"Completed",IF(COUNTIF(G112:P112,">0")>=5,"In Progress",IF(COUNTIF(G112:P112,">0")>0,"Started","Not Started"))) -> Not Started
A113: 107 | B113: 26PGDMFM003 | C113: 28-Aditi.Pandey@fiib.edu.in | D113: Aditi Pandey | G113: {=IFERROR(INDEX('Mr Sandeep Kumar'!G:G,MATCH($B113,'Mr Sandeep Kumar'!$B:$B,0)),IFERROR(INDEX('Mr Manu Vikraman'!G:G,MATCH($B113,'Mr Manu Vikraman'!$B:$B,0)),""))} | H113: {=IFERROR(INDEX('Mr Sandeep Kumar'!H:H,MATCH($B113,'Mr Sandeep Kumar'!$B:$B,0)),IFERROR(INDEX('Mr Manu Vikraman'!H:H,MATCH($B113,'Mr Manu Vikraman'!$B:$B,0)),""))} | I113: {=IFERROR(INDEX('Mr Sandeep Kumar'!I:I,MATCH($B113,'Mr Sandeep Kumar'!$B:$B,0)),IFERROR(INDEX('Mr Manu Vikraman'!I:I,MATCH($B113,'Mr Manu Vikraman'!$B:$B,0)),""))} | J113: {=IFERROR(INDEX('Mr Sandeep Kumar'!J:J,MATCH($B113,'Mr Sandeep Kumar'!$B:$B,0)),IFERROR(INDEX('Mr Manu Vikraman'!J:J,MATCH($B113,'Mr Manu Vikraman'!$B:$B,0)),""))} | K113: {=IFERROR(INDEX('Mr Sandeep Kumar'!K:K,MATCH($B113,'Mr Sandeep Kumar'!$B:$B,0)),IFERROR(INDEX('Mr Manu Vikraman'!K:K,MATCH($B113,'Mr Manu Vikraman'!$B:$B,0)),""))} | L113: {=IFERROR(INDEX('Mr Sandeep Kumar'!L:L,MATCH($B113,'Mr Sandeep Kumar'!$B:$B,0)),IFERROR(INDEX('Mr Manu Vikraman'!L:L,MATCH($B113,'Mr Manu Vikraman'!$B:$B,0)),""))} | M113: {=IFERROR(INDEX('Mr Sandeep Kumar'!M:M,MATCH($B113,'Mr Sandeep Kumar'!$B:$B,0)),IFERROR(INDEX('Mr Manu Vikraman'!M:M,MATCH($B113,'Mr Manu Vikraman'!$B:$B,0)),""))} | N113: {=IFERROR(INDEX('Mr Sandeep Kumar'!N:N,MATCH($B113,'Mr Sandeep Kumar'!$B:$B,0)),IFERROR(INDEX('Mr Manu Vikraman'!N:N,MATCH($B113,'Mr Manu Vikraman'!$B:$B,0)),""))} | O113: {=IFERROR(INDEX('Mr Sandeep Kumar'!O:O,MATCH($B113,'Mr Sandeep Kumar'!$B:$B,0)),IFERROR(INDEX('Mr Manu Vikraman'!O:O,MATCH($B113,'Mr Manu Vikraman'!$B:$B,0)),""))} | P113: {=IFERROR(INDEX('Mr Sandeep Kumar'!P:P,MATCH($B113,'Mr Sandeep Kumar'!$B:$B,0)),IFERROR(INDEX('Mr Manu Vikraman'!P:P,MATCH($B113,'Mr Manu Vikraman'!$B:$B,0)),""))} | Q113: =IFERROR(SUM(G113:P113),0) -> 0 | R113: =IFERROR(Q113/IF(COUNTIF(G113:P113,">0")=0,1,COUNTIF(G113:P113,">0")),0) -> 0 | S113: =IF(R113>=9,"A+",IF(R113>=8,"A",IF(R113>=7,"B+",IF(R113>=6,"B",IF(R113>=5,"C","D"))))) -> D | T113: =IF(COUNTIF(G113:P113,">0")=10,"Completed",IF(COUNTIF(G113:P113,">0")>=5,"In Progress",IF(COUNTIF(G113:P113,">0")>0,"Started","Not Started"))) -> Not Started
A114: 108 | B114: 26PGDMFM004 | C114: 28-Aditi.Singh@fiib.edu.in | D114: Aditi Singh | G114: {=IFERROR(INDEX('Mr Sandeep Kumar'!G:G,MATCH($B114,'Mr Sandeep Kumar'!$B:$B,0)),IFERROR(INDEX('Mr Manu Vikraman'!G:G,MATCH($B114,'Mr Manu Vikraman'!$B:$B,0)),""))} | H114: {=IFERROR(INDEX('Mr Sandeep Kumar'!H:H,MATCH($B114,'Mr Sandeep Kumar'!$B:$B,0)),IFERROR(INDEX('Mr Manu Vikraman'!H:H,MATCH($B114,'Mr Manu Vikraman'!$B:$B,0)),""))} | I114: {=IFERROR(INDEX('Mr Sandeep Kumar'!I:I,MATCH($B114,'Mr Sandeep Kumar'!$B:$B,0)),IFERROR(INDEX('Mr Manu Vikraman'!I:I,MATCH($B114,'Mr Manu Vikraman'!$B:$B,0)),""))} | J114: {=IFERROR(INDEX('Mr Sandeep Kumar'!J:J,MATCH($B114,'Mr Sandeep Kumar'!$B:$B,0)),IFERROR(INDEX('Mr Manu Vikraman'!J:J,MATCH($B114,'Mr Manu Vikraman'!$B:$B,0)),""))} | K114: {=IFERROR(INDEX('Mr Sandeep Kumar'!K:K,MATCH($B114,'Mr Sandeep Kumar'!$B:$B,0)),IFERROR(INDEX('Mr Manu Vikraman'!K:K,MATCH($B114,'Mr Manu Vikraman'!$B:$B,0)),""))} | L114: {=IFERROR(INDEX('Mr Sandeep Kumar'!L:L,MATCH($B114,'Mr Sandeep Kumar'!$B:$B,0)),IFERROR(INDEX('Mr Manu Vikraman'!L:L,MATCH($B114,'Mr Manu Vikraman'!$B:$B,0)),""))} | M114: {=IFERROR(INDEX('Mr Sandeep Kumar'!M:M,MATCH($B114,'Mr Sandeep Kumar'!$B:$B,0)),IFERROR(INDEX('Mr Manu Vikraman'!M:M,MATCH($B114,'Mr Manu Vikraman'!$B:$B,0)),""))} | N114: {=IFERROR(INDEX('Mr Sandeep Kumar'!N:N,MATCH($B114,'Mr Sandeep Kumar'!$B:$B,0)),IFERROR(INDEX('Mr Manu Vikraman'!N:N,MATCH($B114,'Mr Manu Vikraman'!$B:$B,0)),""))} | O114: {=IFERROR(INDEX('Mr Sandeep Kumar'!O:O,MATCH($B114,'Mr Sandeep Kumar'!$B:$B,0)),IFERROR(INDEX('Mr Manu Vikraman'!O:O,MATCH($B114,'Mr Manu Vikraman'!$B:$B,0)),""))} | P114: {=IFERROR(INDEX('Mr Sandeep Kumar'!P:P,MATCH($B114,'Mr Sandeep Kumar'!$B:$B,0)),IFERROR(INDEX('Mr Manu Vikraman'!P:P,MATCH($B114,'Mr Manu Vikraman'!$B:$B,0)),""))} | Q114: =IFERROR(SUM(G114:P114),0) -> 0 | R114: =IFERROR(Q114/IF(COUNTIF(G114:P114,">0")=0,1,COUNTIF(G114:P114,">0")),0) -> 0 | S114: =IF(R114>=9,"A+",IF(R114>=8,"A",IF(R114>=7,"B+",IF(R114>=6,"B",IF(R114>=5,"C","D"))))) -> D | T114: =IF(COUNTIF(G114:P114,">0")=10,"Completed",IF(COUNTIF(G114:P114,">0")>=5,"In Progress",IF(COUNTIF(G114:P114,">0")>0,"Started","Not Started"))) -> Not Started
A115: 109 | B115: 26PGDMFM005 | C115: 28-alka.mehta@fiib.edu.in | D115: Alka Mehta | G115: {=IFERROR(INDEX('Mr Sandeep Kumar'!G:G,MATCH($B115,'Mr Sandeep Kumar'!$B:$B,0)),IFERROR(INDEX('Mr Manu Vikraman'!G:G,MATCH($B115,'Mr Manu Vikraman'!$B:$B,0)),""))} | H115: {=IFERROR(INDEX('Mr Sandeep Kumar'!H:H,MATCH($B115,'Mr Sandeep Kumar'!$B:$B,0)),IFERROR(INDEX('Mr Manu Vikraman'!H:H,MATCH($B115,'Mr Manu Vikraman'!$B:$B,0)),""))} | I115: {=IFERROR(INDEX('Mr Sandeep Kumar'!I:I,MATCH($B115,'Mr Sandeep Kumar'!$B:$B,0)),IFERROR(INDEX('Mr Manu Vikraman'!I:I,MATCH($B115,'Mr Manu Vikraman'!$B:$B,0)),""))} | J115: {=IFERROR(INDEX('Mr Sandeep Kumar'!J:J,MATCH($B115,'Mr Sandeep Kumar'!$B:$B,0)),IFERROR(INDEX('Mr Manu Vikraman'!J:J,MATCH($B115,'Mr Manu Vikraman'!$B:$B,0)),""))} | K115: {=IFERROR(INDEX('Mr Sandeep Kumar'!K:K,MATCH($B115,'Mr Sandeep Kumar'!$B:$B,0)),IFERROR(INDEX('Mr Manu Vikraman'!K:K,MATCH($B115,'Mr Manu Vikraman'!$B:$B,0)),""))} | L115: {=IFERROR(INDEX('Mr Sandeep Kumar'!L:L,MATCH($B115,'Mr Sandeep Kumar'!$B:$B,0)),IFERROR(INDEX('Mr Manu Vikraman'!L:L,MATCH($B115,'Mr Manu Vikraman'!$B:$B,0)),""))} | M115: {=IFERROR(INDEX('Mr Sandeep Kumar'!M:M,MATCH($B115,'Mr Sandeep Kumar'!$B:$B,0)),IFERROR(INDEX('Mr Manu Vikraman'!M:M,MATCH($B115,'Mr Manu Vikraman'!$B:$B,0)),""))} | N115: {=IFERROR(INDEX('Mr Sandeep Kumar'!N:N,MATCH($B115,'Mr Sandeep Kumar'!$B:$B,0)),IFERROR(INDEX('Mr Manu Vikraman'!N:N,MATCH($B115,'Mr Manu Vikraman'!$B:$B,0)),""))} | O115: {=IFERROR(INDEX('Mr Sandeep Kumar'!O:O,MATCH($B115,'Mr Sandeep Kumar'!$B:$B,0)),IFERROR(INDEX('Mr Manu Vikraman'!O:O,MATCH($B115,'Mr Manu Vikraman'!$B:$B,0)),""))} | P115: {=IFERROR(INDEX('Mr Sandeep Kumar'!P:P,MATCH($B115,'Mr Sandeep Kumar'!$B:$B,0)),IFERROR(INDEX('Mr Manu Vikraman'!P:P,MATCH($B115,'Mr Manu Vikraman'!$B:$B,0)),""))} | Q115: =IFERROR(SUM(G115:P115),0) -> 0 | R115: =IFERROR(Q115/IF(COUNTIF(G115:P115,">0")=0,1,COUNTIF(G115:P115,">0")),0) -> 0 | S115: =IF(R115>=9,"A+",IF(R115>=8,"A",IF(R115>=7,"B+",IF(R115>=6,"B",IF(R115>=5,"C","D"))))) -> D | T115: =IF(COUNTIF(G115:P115,">0")=10,"Completed",IF(COUNTIF(G115:P115,">0")>=5,"In Progress",IF(COUNTIF(G115:P115,">0")>0,"Started","Not Started"))) -> Not Started
A116: 110 | B116: 26PGDMFM006 | C116: 28-Anand.Mohapatra@fiib.edu.in | D116: Anand Mohapatra | G116: {=IFERROR(INDEX('Mr Sandeep Kumar'!G:G,MATCH($B116,'Mr Sandeep Kumar'!$B:$B,0)),IFERROR(INDEX('Mr Manu Vikraman'!G:G,MATCH($B116,'Mr Manu Vikraman'!$B:$B,0)),""))} | H116: {=IFERROR(INDEX('Mr Sandeep Kumar'!H:H,MATCH($B116,'Mr Sandeep Kumar'!$B:$B,0)),IFERROR(INDEX('Mr Manu Vikraman'!H:H,MATCH($B116,'Mr Manu Vikraman'!$B:$B,0)),""))} | I116: {=IFERROR(INDEX('Mr Sandeep Kumar'!I:I,MATCH($B116,'Mr Sandeep Kumar'!$B:$B,0)),IFERROR(INDEX('Mr Manu Vikraman'!I:I,MATCH($B116,'Mr Manu Vikraman'!$B:$B,0)),""))} | J116: {=IFERROR(INDEX('Mr Sandeep Kumar'!J:J,MATCH($B116,'Mr Sandeep Kumar'!$B:$B,0)),IFERROR(INDEX('Mr Manu Vikraman'!J:J,MATCH($B116,'Mr Manu Vikraman'!$B:$B,0)),""))} | K116: {=IFERROR(INDEX('Mr Sandeep Kumar'!K:K,MATCH($B116,'Mr Sandeep Kumar'!$B:$B,0)),IFERROR(INDEX('Mr Manu Vikraman'!K:K,MATCH($B116,'Mr Manu Vikraman'!$B:$B,0)),""))} | L116: {=IFERROR(INDEX('Mr Sandeep Kumar'!L:L,MATCH($B116,'Mr Sandeep Kumar'!$B:$B,0)),IFERROR(INDEX('Mr Manu Vikraman'!L:L,MATCH($B116,'Mr Manu Vikraman'!$B:$B,0)),""))} | M116: {=IFERROR(INDEX('Mr Sandeep Kumar'!M:M,MATCH($B116,'Mr Sandeep Kumar'!$B:$B,0)),IFERROR(INDEX('Mr Manu Vikraman'!M:M,MATCH($B116,'Mr Manu Vikraman'!$B:$B,0)),""))} | N116: {=IFERROR(INDEX('Mr Sandeep Kumar'!N:N,MATCH($B116,'Mr Sandeep Kumar'!$B:$B,0)),IFERROR(INDEX('Mr Manu Vikraman'!N:N,MATCH($B116,'Mr Manu Vikraman'!$B:$B,0)),""))} | O116: {=IFERROR(INDEX('Mr Sandeep Kumar'!O:O,MATCH($B116,'Mr Sandeep Kumar'!$B:$B,0)),IFERROR(INDEX('Mr Manu Vikraman'!O:O,MATCH($B116,'Mr Manu Vikraman'!$B:$B,0)),""))} | P116: {=IFERROR(INDEX('Mr Sandeep Kumar'!P:P,MATCH($B116,'Mr Sandeep Kumar'!$B:$B,0)),IFERROR(INDEX('Mr Manu Vikraman'!P:P,MATCH($B116,'Mr Manu Vikraman'!$B:$B,0)),""))} | Q116: =IFERROR(SUM(G116:P116),0) -> 0 | R116: =IFERROR(Q116/IF(COUNTIF(G116:P116,">0")=0,1,COUNTIF(G116:P116,">0")),0) -> 0 | S116: =IF(R116>=9,"A+",IF(R116>=8,"A",IF(R116>=7,"B+",IF(R116>=6,"B",IF(R116>=5,"C","D"))))) -> D | T116: =IF(COUNTIF(G116:P116,">0")=10,"Completed",IF(COUNTIF(G116:P116,">0")>=5,"In Progress",IF(COUNTIF(G116:P116,">0")>0,"Started","Not Started"))) -> Not Started
A117: 111 | B117: 26PGDMFM007 | C117: 28-Anuj.Nautiyal@fiib.edu.in | D117: Anuj Nautiyal | G117: {=IFERROR(INDEX('Mr Sandeep Kumar'!G:G,MATCH($B117,'Mr Sandeep Kumar'!$B:$B,0)),IFERROR(INDEX('Mr Manu Vikraman'!G:G,MATCH($B117,'Mr Manu Vikraman'!$B:$B,0)),""))} | H117: {=IFERROR(INDEX('Mr Sandeep Kumar'!H:H,MATCH($B117,'Mr Sandeep Kumar'!$B:$B,0)),IFERROR(INDEX('Mr Manu Vikraman'!H:H,MATCH($B117,'Mr Manu Vikraman'!$B:$B,0)),""))} | I117: {=IFERROR(INDEX('Mr Sandeep Kumar'!I:I,MATCH($B117,'Mr Sandeep Kumar'!$B:$B,0)),IFERROR(INDEX('Mr Manu Vikraman'!I:I,MATCH($B117,'Mr Manu Vikraman'!$B:$B,0)),""))} | J117: {=IFERROR(INDEX('Mr Sandeep Kumar'!J:J,MATCH($B117,'Mr Sandeep Kumar'!$B:$B,0)),IFERROR(INDEX('Mr Manu Vikraman'!J:J,MATCH($B117,'Mr Manu Vikraman'!$B:$B,0)),""))} | K117: {=IFERROR(INDEX('Mr Sandeep Kumar'!K:K,MATCH($B117,'Mr Sandeep Kumar'!$B:$B,0)),IFERROR(INDEX('Mr Manu Vikraman'!K:K,MATCH($B117,'Mr Manu Vikraman'!$B:$B,0)),""))} | L117: {=IFERROR(INDEX('Mr Sandeep Kumar'!L:L,MATCH($B117,'Mr Sandeep Kumar'!$B:$B,0)),IFERROR(INDEX('Mr Manu Vikraman'!L:L,MATCH($B117,'Mr Manu Vikraman'!$B:$B,0)),""))} | M117: {=IFERROR(INDEX('Mr Sandeep Kumar'!M:M,MATCH($B117,'Mr Sandeep Kumar'!$B:$B,0)),IFERROR(INDEX('Mr Manu Vikraman'!M:M,MATCH($B117,'Mr Manu Vikraman'!$B:$B,0)),""))} | N117: {=IFERROR(INDEX('Mr Sandeep Kumar'!N:N,MATCH($B117,'Mr Sandeep Kumar'!$B:$B,0)),IFERROR(INDEX('Mr Manu Vikraman'!N:N,MATCH($B117,'Mr Manu Vikraman'!$B:$B,0)),""))} | O117: {=IFERROR(INDEX('Mr Sandeep Kumar'!O:O,MATCH($B117,'Mr Sandeep Kumar'!$B:$B,0)),IFERROR(INDEX('Mr Manu Vikraman'!O:O,MATCH($B117,'Mr Manu Vikraman'!$B:$B,0)),""))} | P117: {=IFERROR(INDEX('Mr Sandeep Kumar'!P:P,MATCH($B117,'Mr Sandeep Kumar'!$B:$B,0)),IFERROR(INDEX('Mr Manu Vikraman'!P:P,MATCH($B117,'Mr Manu Vikraman'!$B:$B,0)),""))} | Q117: =IFERROR(SUM(G117:P117),0) -> 0 | R117: =IFERROR(Q117/IF(COUNTIF(G117:P117,">0")=0,1,COUNTIF(G117:P117,">0")),0) -> 0 | S117: =IF(R117>=9,"A+",IF(R117>=8,"A",IF(R117>=7,"B+",IF(R117>=6,"B",IF(R117>=5,"C","D"))))) -> D | T117: =IF(COUNTIF(G117:P117,">0")=10,"Completed",IF(COUNTIF(G117:P117,">0")>=5,"In Progress",IF(COUNTIF(G117:P117,">0")>0,"Started","Not Started"))) -> Not Started
A118: 112 | B118: 26PGDMFM008 | C118: 28-Arav.Singh@fiib.edu.in | D118: Arav Singh | G118: {=IFERROR(INDEX('Mr Sandeep Kumar'!G:G,MATCH($B118,'Mr Sandeep Kumar'!$B:$B,0)),IFERROR(INDEX('Mr Manu Vikraman'!G:G,MATCH($B118,'Mr Manu Vikraman'!$B:$B,0)),""))} | H118: {=IFERROR(INDEX('Mr Sandeep Kumar'!H:H,MATCH($B118,'Mr Sandeep Kumar'!$B:$B,0)),IFERROR(INDEX('Mr Manu Vikraman'!H:H,MATCH($B118,'Mr Manu Vikraman'!$B:$B,0)),""))} | I118: {=IFERROR(INDEX('Mr Sandeep Kumar'!I:I,MATCH($B118,'Mr Sandeep Kumar'!$B:$B,0)),IFERROR(INDEX('Mr Manu Vikraman'!I:I,MATCH($B118,'Mr Manu Vikraman'!$B:$B,0)),""))} | J118: {=IFERROR(INDEX('Mr Sandeep Kumar'!J:J,MATCH($B118,'Mr Sandeep Kumar'!$B:$B,0)),IFERROR(INDEX('Mr Manu Vikraman'!J:J,MATCH($B118,'Mr Manu Vikraman'!$B:$B,0)),""))} | K118: {=IFERROR(INDEX('Mr Sandeep Kumar'!K:K,MATCH($B118,'Mr Sandeep Kumar'!$B:$B,0)),IFERROR(INDEX('Mr Manu Vikraman'!K:K,MATCH($B118,'Mr Manu Vikraman'!$B:$B,0)),""))} | L118: {=IFERROR(INDEX('Mr Sandeep Kumar'!L:L,MATCH($B118,'Mr Sandeep Kumar'!$B:$B,0)),IFERROR(INDEX('Mr Manu Vikraman'!L:L,MATCH($B118,'Mr Manu Vikraman'!$B:$B,0)),""))} | M118: {=IFERROR(INDEX('Mr Sandeep Kumar'!M:M,MATCH($B118,'Mr Sandeep Kumar'!$B:$B,0)),IFERROR(INDEX('Mr Manu Vikraman'!M:M,MATCH($B118,'Mr Manu Vikraman'!$B:$B,0)),""))} | N118: {=IFERROR(INDEX('Mr Sandeep Kumar'!N:N,MATCH($B118,'Mr Sandeep Kumar'!$B:$B,0)),IFERROR(INDEX('Mr Manu Vikraman'!N:N,MATCH($B118,'Mr Manu Vikraman'!$B:$B,0)),""))} | O118: {=IFERROR(INDEX('Mr Sandeep Kumar'!O:O,MATCH($B118,'Mr Sandeep Kumar'!$B:$B,0)),IFERROR(INDEX('Mr Manu Vikraman'!O:O,MATCH($B118,'Mr Manu Vikraman'!$B:$B,0)),""))} | P118: {=IFERROR(INDEX('Mr Sandeep Kumar'!P:P,MATCH($B118,'Mr Sandeep Kumar'!$B:$B,0)),IFERROR(INDEX('Mr Manu Vikraman'!P:P,MATCH($B118,'Mr Manu Vikraman'!$B:$B,0)),""))} | Q118: =IFERROR(SUM(G118:P118),0) -> 0 | R118: =IFERROR(Q118/IF(COUNTIF(G118:P118,">0")=0,1,COUNTIF(G118:P118,">0")),0) -> 0 | S118: =IF(R118>=9,"A+",IF(R118>=8,"A",IF(R118>=7,"B+",IF(R118>=6,"B",IF(R118>=5,"C","D"))))) -> D | T118: =IF(COUNTIF(G118:P118,">0")=10,"Completed",IF(COUNTIF(G118:P118,">0")>=5,"In Progress",IF(COUNTIF(G118:P118,">0")>0,"Started","Not Started"))) -> Not Started
A119: 113 | B119: 26PGDMFM009 | C119: 28-Arnav.Ahlawat@fiib.edu.in | D119: Arnav Ahlawat | G119: {=IFERROR(INDEX('Mr Sandeep Kumar'!G:G,MATCH($B119,'Mr Sandeep Kumar'!$B:$B,0)),IFERROR(INDEX('Mr Manu Vikraman'!G:G,MATCH($B119,'Mr Manu Vikraman'!$B:$B,0)),""))} | H119: {=IFERROR(INDEX('Mr Sandeep Kumar'!H:H,MATCH($B119,'Mr Sandeep Kumar'!$B:$B,0)),IFERROR(INDEX('Mr Manu Vikraman'!H:H,MATCH($B119,'Mr Manu Vikraman'!$B:$B,0)),""))} | I119: {=IFERROR(INDEX('Mr Sandeep Kumar'!I:I,MATCH($B119,'Mr Sandeep Kumar'!$B:$B,0)),IFERROR(INDEX('Mr Manu Vikraman'!I:I,MATCH($B119,'Mr Manu Vikraman'!$B:$B,0)),""))} | J119: {=IFERROR(INDEX('Mr Sandeep Kumar'!J:J,MATCH($B119,'Mr Sandeep Kumar'!$B:$B,0)),IFERROR(INDEX('Mr Manu Vikraman'!J:J,MATCH($B119,'Mr Manu Vikraman'!$B:$B,0)),""))} | K119: {=IFERROR(INDEX('Mr Sandeep Kumar'!K:K,MATCH($B119,'Mr Sandeep Kumar'!$B:$B,0)),IFERROR(INDEX('Mr Manu Vikraman'!K:K,MATCH($B119,'Mr Manu Vikraman'!$B:$B,0)),""))} | L119: {=IFERROR(INDEX('Mr Sandeep Kumar'!L:L,MATCH($B119,'Mr Sandeep Kumar'!$B:$B,0)),IFERROR(INDEX('Mr Manu Vikraman'!L:L,MATCH($B119,'Mr Manu Vikraman'!$B:$B,0)),""))} | M119: {=IFERROR(INDEX('Mr Sandeep Kumar'!M:M,MATCH($B119,'Mr Sandeep Kumar'!$B:$B,0)),IFERROR(INDEX('Mr Manu Vikraman'!M:M,MATCH($B119,'Mr Manu Vikraman'!$B:$B,0)),""))} | N119: {=IFERROR(INDEX('Mr Sandeep Kumar'!N:N,MATCH($B119,'Mr Sandeep Kumar'!$B:$B,0)),IFERROR(INDEX('Mr Manu Vikraman'!N:N,MATCH($B119,'Mr Manu Vikraman'!$B:$B,0)),""))} | O119: {=IFERROR(INDEX('Mr Sandeep Kumar'!O:O,MATCH($B119,'Mr Sandeep Kumar'!$B:$B,0)),IFERROR(INDEX('Mr Manu Vikraman'!O:O,MATCH($B119,'Mr Manu Vikraman'!$B:$B,0)),""))} | P119: {=IFERROR(INDEX('Mr Sandeep Kumar'!P:P,MATCH($B119,'Mr Sandeep Kumar'!$B:$B,0)),IFERROR(INDEX('Mr Manu Vikraman'!P:P,MATCH($B119,'Mr Manu Vikraman'!$B:$B,0)),""))} | Q119: =IFERROR(SUM(G119:P119),0) -> 0 | R119: =IFERROR(Q119/IF(COUNTIF(G119:P119,">0")=0,1,COUNTIF(G119:P119,">0")),0) -> 0 | S119: =IF(R119>=9,"A+",IF(R119>=8,"A",IF(R119>=7,"B+",IF(R119>=6,"B",IF(R119>=5,"C","D"))))) -> D | T119: =IF(COUNTIF(G119:P119,">0")=10,"Completed",IF(COUNTIF(G119:P119,">0")>=5,"In Progress",IF(COUNTIF(G119:P119,">0")>0,"Started","Not Started"))) -> Not Started
A120: 114 | B120: 26PGDMFM010 | C120: 28-Biswajeet.Choudhury@fiib.edu.in | D120: Biswajeet Choudhury | G120: {=IFERROR(INDEX('Mr Sandeep Kumar'!G:G,MATCH($B120,'Mr Sandeep Kumar'!$B:$B,0)),IFERROR(INDEX('Mr Manu Vikraman'!G:G,MATCH($B120,'Mr Manu Vikraman'!$B:$B,0)),""))} | H120: {=IFERROR(INDEX('Mr Sandeep Kumar'!H:H,MATCH($B120,'Mr Sandeep Kumar'!$B:$B,0)),IFERROR(INDEX('Mr Manu Vikraman'!H:H,MATCH($B120,'Mr Manu Vikraman'!$B:$B,0)),""))} | I120: {=IFERROR(INDEX('Mr Sandeep Kumar'!I:I,MATCH($B120,'Mr Sandeep Kumar'!$B:$B,0)),IFERROR(INDEX('Mr Manu Vikraman'!I:I,MATCH($B120,'Mr Manu Vikraman'!$B:$B,0)),""))} | J120: {=IFERROR(INDEX('Mr Sandeep Kumar'!J:J,MATCH($B120,'Mr Sandeep Kumar'!$B:$B,0)),IFERROR(INDEX('Mr Manu Vikraman'!J:J,MATCH($B120,'Mr Manu Vikraman'!$B:$B,0)),""))} | K120: {=IFERROR(INDEX('Mr Sandeep Kumar'!K:K,MATCH($B120,'Mr Sandeep Kumar'!$B:$B,0)),IFERROR(INDEX('Mr Manu Vikraman'!K:K,MATCH($B120,'Mr Manu Vikraman'!$B:$B,0)),""))} | L120: {=IFERROR(INDEX('Mr Sandeep Kumar'!L:L,MATCH($B120,'Mr Sandeep Kumar'!$B:$B,0)),IFERROR(INDEX('Mr Manu Vikraman'!L:L,MATCH($B120,'Mr Manu Vikraman'!$B:$B,0)),""))} | M120: {=IFERROR(INDEX('Mr Sandeep Kumar'!M:M,MATCH($B120,'Mr Sandeep Kumar'!$B:$B,0)),IFERROR(INDEX('Mr Manu Vikraman'!M:M,MATCH($B120,'Mr Manu Vikraman'!$B:$B,0)),""))} | N120: {=IFERROR(INDEX('Mr Sandeep Kumar'!N:N,MATCH($B120,'Mr Sandeep Kumar'!$B:$B,0)),IFERROR(INDEX('Mr Manu Vikraman'!N:N,MATCH($B120,'Mr Manu Vikraman'!$B:$B,0)),""))} | O120: {=IFERROR(INDEX('Mr Sandeep Kumar'!O:O,MATCH($B120,'Mr Sandeep Kumar'!$B:$B,0)),IFERROR(INDEX('Mr Manu Vikraman'!O:O,MATCH($B120,'Mr Manu Vikraman'!$B:$B,0)),""))} | P120: {=IFERROR(INDEX('Mr Sandeep Kumar'!P:P,MATCH($B120,'Mr Sandeep Kumar'!$B:$B,0)),IFERROR(INDEX('Mr Manu Vikraman'!P:P,MATCH($B120,'Mr Manu Vikraman'!$B:$B,0)),""))} | Q120: =IFERROR(SUM(G120:P120),0) -> 0 | R120: =IFERROR(Q120/IF(COUNTIF(G120:P120,">0")=0,1,COUNTIF(G120:P120,">0")),0) -> 0 | S120: =IF(R120>=9,"A+",IF(R120>=8,"A",IF(R120>=7,"B+",IF(R120>=6,"B",IF(R120>=5,"C","D"))))) -> D | T120: =IF(COUNTIF(G120:P120,">0")=10,"Completed",IF(COUNTIF(G120:P120,">0")>=5,"In Progress",IF(COUNTIF(G120:P120,">0")>0,"Started","Not Started"))) -> Not Started
A121: 115 | B121: 26PGDMFM011 | C121: 28-Daksh.Kumar@fiib.edu.in | D121: Daksh Kumar | G121: {=IFERROR(INDEX('Mr Sandeep Kumar'!G:G,MATCH($B121,'Mr Sandeep Kumar'!$B:$B,0)),IFERROR(INDEX('Mr Manu Vikraman'!G:G,MATCH($B121,'Mr Manu Vikraman'!$B:$B,0)),""))} | H121: {=IFERROR(INDEX('Mr Sandeep Kumar'!H:H,MATCH($B121,'Mr Sandeep Kumar'!$B:$B,0)),IFERROR(INDEX('Mr Manu Vikraman'!H:H,MATCH($B121,'Mr Manu Vikraman'!$B:$B,0)),""))} | I121: {=IFERROR(INDEX('Mr Sandeep Kumar'!I:I,MATCH($B121,'Mr Sandeep Kumar'!$B:$B,0)),IFERROR(INDEX('Mr Manu Vikraman'!I:I,MATCH($B121,'Mr Manu Vikraman'!$B:$B,0)),""))} | J121: {=IFERROR(INDEX('Mr Sandeep Kumar'!J:J,MATCH($B121,'Mr Sandeep Kumar'!$B:$B,0)),IFERROR(INDEX('Mr Manu Vikraman'!J:J,MATCH($B121,'Mr Manu Vikraman'!$B:$B,0)),""))} | K121: {=IFERROR(INDEX('Mr Sandeep Kumar'!K:K,MATCH($B121,'Mr Sandeep Kumar'!$B:$B,0)),IFERROR(INDEX('Mr Manu Vikraman'!K:K,MATCH($B121,'Mr Manu Vikraman'!$B:$B,0)),""))} | L121: {=IFERROR(INDEX('Mr Sandeep Kumar'!L:L,MATCH($B121,'Mr Sandeep Kumar'!$B:$B,0)),IFERROR(INDEX('Mr Manu Vikraman'!L:L,MATCH($B121,'Mr Manu Vikraman'!$B:$B,0)),""))} | M121: {=IFERROR(INDEX('Mr Sandeep Kumar'!M:M,MATCH($B121,'Mr Sandeep Kumar'!$B:$B,0)),IFERROR(INDEX('Mr Manu Vikraman'!M:M,MATCH($B121,'Mr Manu Vikraman'!$B:$B,0)),""))} | N121: {=IFERROR(INDEX('Mr Sandeep Kumar'!N:N,MATCH($B121,'Mr Sandeep Kumar'!$B:$B,0)),IFERROR(INDEX('Mr Manu Vikraman'!N:N,MATCH($B121,'Mr Manu Vikraman'!$B:$B,0)),""))} | O121: {=IFERROR(INDEX('Mr Sandeep Kumar'!O:O,MATCH($B121,'Mr Sandeep Kumar'!$B:$B,0)),IFERROR(INDEX('Mr Manu Vikraman'!O:O,MATCH($B121,'Mr Manu Vikraman'!$B:$B,0)),""))} | P121: {=IFERROR(INDEX('Mr Sandeep Kumar'!P:P,MATCH($B121,'Mr Sandeep Kumar'!$B:$B,0)),IFERROR(INDEX('Mr Manu Vikraman'!P:P,MATCH($B121,'Mr Manu Vikraman'!$B:$B,0)),""))} | Q121: =IFERROR(SUM(G121:P121),0) -> 0 | R121: =IFERROR(Q121/IF(COUNTIF(G121:P121,">0")=0,1,COUNTIF(G121:P121,">0")),0) -> 0 | S121: =IF(R121>=9,"A+",IF(R121>=8,"A",IF(R121>=7,"B+",IF(R121>=6,"B",IF(R121>=5,"C","D"))))) -> D | T121: =IF(COUNTIF(G121:P121,">0")=10,"Completed",IF(COUNTIF(G121:P121,">0")>=5,"In Progress",IF(COUNTIF(G121:P121,">0")>0,"Started","Not Started"))) -> Not Started
A122: 116 | B122: 26PGDMFM012 | C122: 28-deepak.verma@fiib.edu.in | D122: Deepak Verma | G122: {=IFERROR(INDEX('Mr Sandeep Kumar'!G:G,MATCH($B122,'Mr Sandeep Kumar'!$B:$B,0)),IFERROR(INDEX('Mr Manu Vikraman'!G:G,MATCH($B122,'Mr Manu Vikraman'!$B:$B,0)),""))} | H122: {=IFERROR(INDEX('Mr Sandeep Kumar'!H:H,MATCH($B122,'Mr Sandeep Kumar'!$B:$B,0)),IFERROR(INDEX('Mr Manu Vikraman'!H:H,MATCH($B122,'Mr Manu Vikraman'!$B:$B,0)),""))} | I122: {=IFERROR(INDEX('Mr Sandeep Kumar'!I:I,MATCH($B122,'Mr Sandeep Kumar'!$B:$B,0)),IFERROR(INDEX('Mr Manu Vikraman'!I:I,MATCH($B122,'Mr Manu Vikraman'!$B:$B,0)),""))} | J122: {=IFERROR(INDEX('Mr Sandeep Kumar'!J:J,MATCH($B122,'Mr Sandeep Kumar'!$B:$B,0)),IFERROR(INDEX('Mr Manu Vikraman'!J:J,MATCH($B122,'Mr Manu Vikraman'!$B:$B,0)),""))} | K122: {=IFERROR(INDEX('Mr Sandeep Kumar'!K:K,MATCH($B122,'Mr Sandeep Kumar'!$B:$B,0)),IFERROR(INDEX('Mr Manu Vikraman'!K:K,MATCH($B122,'Mr Manu Vikraman'!$B:$B,0)),""))} | L122: {=IFERROR(INDEX('Mr Sandeep Kumar'!L:L,MATCH($B122,'Mr Sandeep Kumar'!$B:$B,0)),IFERROR(INDEX('Mr Manu Vikraman'!L:L,MATCH($B122,'Mr Manu Vikraman'!$B:$B,0)),""))} | M122: {=IFERROR(INDEX('Mr Sandeep Kumar'!M:M,MATCH($B122,'Mr Sandeep Kumar'!$B:$B,0)),IFERROR(INDEX('Mr Manu Vikraman'!M:M,MATCH($B122,'Mr Manu Vikraman'!$B:$B,0)),""))} | N122: {=IFERROR(INDEX('Mr Sandeep Kumar'!N:N,MATCH($B122,'Mr Sandeep Kumar'!$B:$B,0)),IFERROR(INDEX('Mr Manu Vikraman'!N:N,MATCH($B122,'Mr Manu Vikraman'!$B:$B,0)),""))} | O122: {=IFERROR(INDEX('Mr Sandeep Kumar'!O:O,MATCH($B122,'Mr Sandeep Kumar'!$B:$B,0)),IFERROR(INDEX('Mr Manu Vikraman'!O:O,MATCH($B122,'Mr Manu Vikraman'!$B:$B,0)),""))} | P122: {=IFERROR(INDEX('Mr Sandeep Kumar'!P:P,MATCH($B122,'Mr Sandeep Kumar'!$B:$B,0)),IFERROR(INDEX('Mr Manu Vikraman'!P:P,MATCH($B122,'Mr Manu Vikraman'!$B:$B,0)),""))} | Q122: =IFERROR(SUM(G122:P122),0) -> 0 | R122: =IFERROR(Q122/IF(COUNTIF(G122:P122,">0")=0,1,COUNTIF(G122:P122,">0")),0) -> 0 | S122: =IF(R122>=9,"A+",IF(R122>=8,"A",IF(R122>=7,"B+",IF(R122>=6,"B",IF(R122>=5,"C","D"))))) -> D | T122: =IF(COUNTIF(G122:P122,">0")=10,"Completed",IF(COUNTIF(G122:P122,">0")>=5,"In Progress",IF(COUNTIF(G122:P122,">0")>0,"Started","Not Started"))) -> Not Started
... A151: 145 | B151: 26PGDMFM041 | C151: 28-mayank.bisht@fiib.edu.in | D151: Mayank Bisht | G151: {=IFERROR(INDEX('Mr Sandeep Kumar'!G:G,MATCH($B151,'Mr Sandeep Kumar'!$B:$B,0)),IFERROR(INDEX('Mr Manu Vikraman'!G:G,MATCH($B151,'Mr Manu Vikraman'!$B:$B,0)),""))} | H151: {=IFERROR(INDEX('Mr Sandeep Kumar'!H:H,MATCH($B151,'Mr Sandeep Kumar'!$B:$B,0)),IFERROR(INDEX('Mr Manu Vikraman'!H:H,MATCH($B151,'Mr Manu Vikraman'!$B:$B,0)),""))} | I151: {=IFERROR(INDEX('Mr Sandeep Kumar'!I:I,MATCH($B151,'Mr Sandeep Kumar'!$B:$B,0)),IFERROR(INDEX('Mr Manu Vikraman'!I:I,MATCH($B151,'Mr Manu Vikraman'!$B:$B,0)),""))} | J151: {=IFERROR(INDEX('Mr Sandeep Kumar'!J:J,MATCH($B151,'Mr Sandeep Kumar'!$B:$B,0)),IFERROR(INDEX('Mr Manu Vikraman'!J:J,MATCH($B151,'Mr Manu Vikraman'!$B:$B,0)),""))} | K151: {=IFERROR(INDEX('Mr Sandeep Kumar'!K:K,MATCH($B151,'Mr Sandeep Kumar'!$B:$B,0)),IFERROR(INDEX('Mr Manu Vikraman'!K:K,MATCH($B151,'Mr Manu Vikraman'!$B:$B,0)),""))} | L151: {=IFERROR(INDEX('Mr Sandeep Kumar'!L:L,MATCH($B151,'Mr Sandeep Kumar'!$B:$B,0)),IFERROR(INDEX('Mr Manu Vikraman'!L:L,MATCH($B151,'Mr Manu Vikraman'!$B:$B,0)),""))} | M151: {=IFERROR(INDEX('Mr Sandeep Kumar'!M:M,MATCH($B151,'Mr Sandeep Kumar'!$B:$B,0)),IFERROR(INDEX('Mr Manu Vikraman'!M:M,MATCH($B151,'Mr Manu Vikraman'!$B:$B,0)),""))} | N151: {=IFERROR(INDEX('Mr Sandeep Kumar'!N:N,MATCH($B151,'Mr Sandeep Kumar'!$B:$B,0)),IFERROR(INDEX('Mr Manu Vikraman'!N:N,MATCH($B151,'Mr Manu Vikraman'!$B:$B,0)),""))} | O151: {=IFERROR(INDEX('Mr Sandeep Kumar'!O:O,MATCH($B151,'Mr Sandeep Kumar'!$B:$B,0)),IFERROR(INDEX('Mr Manu Vikraman'!O:O,MATCH($B151,'Mr Manu Vikraman'!$B:$B,0)),""))} | P151: {=IFERROR(INDEX('Mr Sandeep Kumar'!P:P,MATCH($B151,'Mr Sandeep Kumar'!$B:$B,0)),IFERROR(INDEX('Mr Manu Vikraman'!P:P,MATCH($B151,'Mr Manu Vikraman'!$B:$B,0)),""))} | Q151: =IFERROR(SUM(G151:P151),0) -> 0 | R151: =IFERROR(Q151/IF(COUNTIF(G151:P151,">0")=0,1,COUNTIF(G151:P151,">0")),0) -> 0 | S151: =IF(R151>=9,"A+",IF(R151>=8,"A",IF(R151>=7,"B+",IF(R151>=6,"B",IF(R151>=5,"C","D"))))) -> D | T151: =IF(COUNTIF(G151:P151,">0")=10,"Completed",IF(COUNTIF(G151:P151,">0")>=5,"In Progress",IF(COUNTIF(G151:P151,">0")>0,"Started","Not Started"))) -> Not Started
G152: {=IFERROR(INDEX('Mr Sandeep Kumar'!G:G,MATCH($B152,'Mr Sandeep Kumar'!$B:$B,0)),IFERROR(INDEX('Mr Manu Vikraman'!G:G,MATCH($B152,'Mr Manu Vikraman'!$B:$B,0)),""))} | H152: {=IFERROR(INDEX('Mr Sandeep Kumar'!H:H,MATCH($B152,'Mr Sandeep Kumar'!$B:$B,0)),IFERROR(INDEX('Mr Manu Vikraman'!H:H,MATCH($B152,'Mr Manu Vikraman'!$B:$B,0)),""))} | I152: {=IFERROR(INDEX('Mr Sandeep Kumar'!I:I,MATCH($B152,'Mr Sandeep Kumar'!$B:$B,0)),IFERROR(INDEX('Mr Manu Vikraman'!I:I,MATCH($B152,'Mr Manu Vikraman'!$B:$B,0)),""))} | J152: {=IFERROR(INDEX('Mr Sandeep Kumar'!J:J,MATCH($B152,'Mr Sandeep Kumar'!$B:$B,0)),IFERROR(INDEX('Mr Manu Vikraman'!J:J,MATCH($B152,'Mr Manu Vikraman'!$B:$B,0)),""))} | K152: {=IFERROR(INDEX('Mr Sandeep Kumar'!K:K,MATCH($B152,'Mr Sandeep Kumar'!$B:$B,0)),IFERROR(INDEX('Mr Manu Vikraman'!K:K,MATCH($B152,'Mr Manu Vikraman'!$B:$B,0)),""))} | L152: {=IFERROR(INDEX('Mr Sandeep Kumar'!L:L,MATCH($B152,'Mr Sandeep Kumar'!$B:$B,0)),IFERROR(INDEX('Mr Manu Vikraman'!L:L,MATCH($B152,'Mr Manu Vikraman'!$B:$B,0)),""))} | M152: {=IFERROR(INDEX('Mr Sandeep Kumar'!M:M,MATCH($B152,'Mr Sandeep Kumar'!$B:$B,0)),IFERROR(INDEX('Mr Manu Vikraman'!M:M,MATCH($B152,'Mr Manu Vikraman'!$B:$B,0)),""))} | N152: {=IFERROR(INDEX('Mr Sandeep Kumar'!N:N,MATCH($B152,'Mr Sandeep Kumar'!$B:$B,0)),IFERROR(INDEX('Mr Manu Vikraman'!N:N,MATCH($B152,'Mr Manu Vikraman'!$B:$B,0)),""))} | O152: {=IFERROR(INDEX('Mr Sandeep Kumar'!O:O,MATCH($B152,'Mr Sandeep Kumar'!$B:$B,0)),IFERROR(INDEX('Mr Manu Vikraman'!O:O,MATCH($B152,'Mr Manu Vikraman'!$B:$B,0)),""))} | P152: {=IFERROR(INDEX('Mr Sandeep Kumar'!P:P,MATCH($B152,'Mr Sandeep Kumar'!$B:$B,0)),IFERROR(INDEX('Mr Manu Vikraman'!P:P,MATCH($B152,'Mr Manu Vikraman'!$B:$B,0)),""))} | Q152: =IFERROR(SUM(G152:P152),0) -> 0 | R152: =IFERROR(Q152/IF(COUNTIF(G152:P152,">0")=0,1,COUNTIF(G152:P152,">0")),0) -> 0 | S152: =IF(R152>=9,"A+",IF(R152>=8,"A",IF(R152>=7,"B+",IF(R152>=6,"B",IF(R152>=5,"C","D"))))) -> D | T152: =IF(COUNTIF(G152:P152,">0")=10,"Completed",IF(COUNTIF(G152:P152,">0")>=5,"In Progress",IF(COUNTIF(G152:P152,">0")>0,"Started","Not Started"))) -> Not Started
G153: {=IFERROR(INDEX('Mr Sandeep Kumar'!G:G,MATCH($B153,'Mr Sandeep Kumar'!$B:$B,0)),IFERROR(INDEX('Mr Manu Vikraman'!G:G,MATCH($B153,'Mr Manu Vikraman'!$B:$B,0)),""))} | H153: {=IFERROR(INDEX('Mr Sandeep Kumar'!H:H,MATCH($B153,'Mr Sandeep Kumar'!$B:$B,0)),IFERROR(INDEX('Mr Manu Vikraman'!H:H,MATCH($B153,'Mr Manu Vikraman'!$B:$B,0)),""))} | I153: {=IFERROR(INDEX('Mr Sandeep Kumar'!I:I,MATCH($B153,'Mr Sandeep Kumar'!$B:$B,0)),IFERROR(INDEX('Mr Manu Vikraman'!I:I,MATCH($B153,'Mr Manu Vikraman'!$B:$B,0)),""))} | J153: {=IFERROR(INDEX('Mr Sandeep Kumar'!J:J,MATCH($B153,'Mr Sandeep Kumar'!$B:$B,0)),IFERROR(INDEX('Mr Manu Vikraman'!J:J,MATCH($B153,'Mr Manu Vikraman'!$B:$B,0)),""))} | K153: {=IFERROR(INDEX('Mr Sandeep Kumar'!K:K,MATCH($B153,'Mr Sandeep Kumar'!$B:$B,0)),IFERROR(INDEX('Mr Manu Vikraman'!K:K,MATCH($B153,'Mr Manu Vikraman'!$B:$B,0)),""))} | L153: {=IFERROR(INDEX('Mr Sandeep Kumar'!L:L,MATCH($B153,'Mr Sandeep Kumar'!$B:$B,0)),IFERROR(INDEX('Mr Manu Vikraman'!L:L,MATCH($B153,'Mr Manu Vikraman'!$B:$B,0)),""))} | M153: {=IFERROR(INDEX('Mr Sandeep Kumar'!M:M,MATCH($B153,'Mr Sandeep Kumar'!$B:$B,0)),IFERROR(INDEX('Mr Manu Vikraman'!M:M,MATCH($B153,'Mr Manu Vikraman'!$B:$B,0)),""))} | N153: {=IFERROR(INDEX('Mr Sandeep Kumar'!N:N,MATCH($B153,'Mr Sandeep Kumar'!$B:$B,0)),IFERROR(INDEX('Mr Manu Vikraman'!N:N,MATCH($B153,'Mr Manu Vikraman'!$B:$B,0)),""))} | O153: {=IFERROR(INDEX('Mr Sandeep Kumar'!O:O,MATCH($B153,'Mr Sandeep Kumar'!$B:$B,0)),IFERROR(INDEX('Mr Manu Vikraman'!O:O,MATCH($B153,'Mr Manu Vikraman'!$B:$B,0)),""))} | P153: {=IFERROR(INDEX('Mr Sandeep Kumar'!P:P,MATCH($B153,'Mr Sandeep Kumar'!$B:$B,0)),IFERROR(INDEX('Mr Manu Vikraman'!P:P,MATCH($B153,'Mr Manu Vikraman'!$B:$B,0)),""))} | Q153: =IFERROR(SUM(G153:P153),0) -> 0 | R153: =IFERROR(Q153/IF(COUNTIF(G153:P153,">0")=0,1,COUNTIF(G153:P153,">0")),0) -> 0 | S153: =IF(R153>=9,"A+",IF(R153>=8,"A",IF(R153>=7,"B+",IF(R153>=6,"B",IF(R153>=5,"C","D"))))) -> D | T153: =IF(COUNTIF(G153:P153,">0")=10,"Completed",IF(COUNTIF(G153:P153,">0")>=5,"In Progress",IF(COUNTIF(G153:P153,">0")>0,"Started","Not Started"))) -> Not Started
G154: {=IFERROR(INDEX('Mr Sandeep Kumar'!G:G,MATCH($B154,'Mr Sandeep Kumar'!$B:$B,0)),IFERROR(INDEX('Mr Manu Vikraman'!G:G,MATCH($B154,'Mr Manu Vikraman'!$B:$B,0)),""))} | H154: {=IFERROR(INDEX('Mr Sandeep Kumar'!H:H,MATCH($B154,'Mr Sandeep Kumar'!$B:$B,0)),IFERROR(INDEX('Mr Manu Vikraman'!H:H,MATCH($B154,'Mr Manu Vikraman'!$B:$B,0)),""))} | I154: {=IFERROR(INDEX('Mr Sandeep Kumar'!I:I,MATCH($B154,'Mr Sandeep Kumar'!$B:$B,0)),IFERROR(INDEX('Mr Manu Vikraman'!I:I,MATCH($B154,'Mr Manu Vikraman'!$B:$B,0)),""))} | J154: {=IFERROR(INDEX('Mr Sandeep Kumar'!J:J,MATCH($B154,'Mr Sandeep Kumar'!$B:$B,0)),IFERROR(INDEX('Mr Manu Vikraman'!J:J,MATCH($B154,'Mr Manu Vikraman'!$B:$B,0)),""))} | K154: {=IFERROR(INDEX('Mr Sandeep Kumar'!K:K,MATCH($B154,'Mr Sandeep Kumar'!$B:$B,0)),IFERROR(INDEX('Mr Manu Vikraman'!K:K,MATCH($B154,'Mr Manu Vikraman'!$B:$B,0)),""))} | L154: {=IFERROR(INDEX('Mr Sandeep Kumar'!L:L,MATCH($B154,'Mr Sandeep Kumar'!$B:$B,0)),IFERROR(INDEX('Mr Manu Vikraman'!L:L,MATCH($B154,'Mr Manu Vikraman'!$B:$B,0)),""))} | M154: {=IFERROR(INDEX('Mr Sandeep Kumar'!M:M,MATCH($B154,'Mr Sandeep Kumar'!$B:$B,0)),IFERROR(INDEX('Mr Manu Vikraman'!M:M,MATCH($B154,'Mr Manu Vikraman'!$B:$B,0)),""))} | N154: {=IFERROR(INDEX('Mr Sandeep Kumar'!N:N,MATCH($B154,'Mr Sandeep Kumar'!$B:$B,0)),IFERROR(INDEX('Mr Manu Vikraman'!N:N,MATCH($B154,'Mr Manu Vikraman'!$B:$B,0)),""))} | O154: {=IFERROR(INDEX('Mr Sandeep Kumar'!O:O,MATCH($B154,'Mr Sandeep Kumar'!$B:$B,0)),IFERROR(INDEX('Mr Manu Vikraman'!O:O,MATCH($B154,'Mr Manu Vikraman'!$B:$B,0)),""))} | P154: {=IFERROR(INDEX('Mr Sandeep Kumar'!P:P,MATCH($B154,'Mr Sandeep Kumar'!$B:$B,0)),IFERROR(INDEX('Mr Manu Vikraman'!P:P,MATCH($B154,'Mr Manu Vikraman'!$B:$B,0)),""))} | Q154: =IFERROR(SUM(G154:P154),0) -> 0 | R154: =IFERROR(Q154/IF(COUNTIF(G154:P154,">0")=0,1,COUNTIF(G154:P154,">0")),0) -> 0 | S154: =IF(R154>=9,"A+",IF(R154>=8,"A",IF(R154>=7,"B+",IF(R154>=6,"B",IF(R154>=5,"C","D"))))) -> D | T154: =IF(COUNTIF(G154:P154,">0")=10,"Completed",IF(COUNTIF(G154:P154,">0")>=5,"In Progress",IF(COUNTIF(G154:P154,">0")>0,"Started","Not Started"))) -> Not Started
G155: {=IFERROR(INDEX('Mr Sandeep Kumar'!G:G,MATCH($B155,'Mr Sandeep Kumar'!$B:$B,0)),IFERROR(INDEX('Mr Manu Vikraman'!G:G,MATCH($B155,'Mr Manu Vikraman'!$B:$B,0)),""))} | H155: {=IFERROR(INDEX('Mr Sandeep Kumar'!H:H,MATCH($B155,'Mr Sandeep Kumar'!$B:$B,0)),IFERROR(INDEX('Mr Manu Vikraman'!H:H,MATCH($B155,'Mr Manu Vikraman'!$B:$B,0)),""))} | I155: {=IFERROR(INDEX('Mr Sandeep Kumar'!I:I,MATCH($B155,'Mr Sandeep Kumar'!$B:$B,0)),IFERROR(INDEX('Mr Manu Vikraman'!I:I,MATCH($B155,'Mr Manu Vikraman'!$B:$B,0)),""))} | J155: {=IFERROR(INDEX('Mr Sandeep Kumar'!J:J,MATCH($B155,'Mr Sandeep Kumar'!$B:$B,0)),IFERROR(INDEX('Mr Manu Vikraman'!J:J,MATCH($B155,'Mr Manu Vikraman'!$B:$B,0)),""))} | K155: {=IFERROR(INDEX('Mr Sandeep Kumar'!K:K,MATCH($B155,'Mr Sandeep Kumar'!$B:$B,0)),IFERROR(INDEX('Mr Manu Vikraman'!K:K,MATCH($B155,'Mr Manu Vikraman'!$B:$B,0)),""))} | L155: {=IFERROR(INDEX('Mr Sandeep Kumar'!L:L,MATCH($B155,'Mr Sandeep Kumar'!$B:$B,0)),IFERROR(INDEX('Mr Manu Vikraman'!L:L,MATCH($B155,'Mr Manu Vikraman'!$B:$B,0)),""))} | M155: {=IFERROR(INDEX('Mr Sandeep Kumar'!M:M,MATCH($B155,'Mr Sandeep Kumar'!$B:$B,0)),IFERROR(INDEX('Mr Manu Vikraman'!M:M,MATCH($B155,'Mr Manu Vikraman'!$B:$B,0)),""))} | N155: {=IFERROR(INDEX('Mr Sandeep Kumar'!N:N,MATCH($B155,'Mr Sandeep Kumar'!$B:$B,0)),IFERROR(INDEX('Mr Manu Vikraman'!N:N,MATCH($B155,'Mr Manu Vikraman'!$B:$B,0)),""))} | O155: {=IFERROR(INDEX('Mr Sandeep Kumar'!O:O,MATCH($B155,'Mr Sandeep Kumar'!$B:$B,0)),IFERROR(INDEX('Mr Manu Vikraman'!O:O,MATCH($B155,'Mr Manu Vikraman'!$B:$B,0)),""))} | P155: {=IFERROR(INDEX('Mr Sandeep Kumar'!P:P,MATCH($B155,'Mr Sandeep Kumar'!$B:$B,0)),IFERROR(INDEX('Mr Manu Vikraman'!P:P,MATCH($B155,'Mr Manu Vikraman'!$B:$B,0)),""))} | Q155: =IFERROR(SUM(G155:P155),0) -> 0 | R155: =IFERROR(Q155/IF(COUNTIF(G155:P155,">0")=0,1,COUNTIF(G155:P155,">0")),0) -> 0 | S155: =IF(R155>=9,"A+",IF(R155>=8,"A",IF(R155>=7,"B+",IF(R155>=6,"B",IF(R155>=5,"C","D"))))) -> D | T155: =IF(COUNTIF(G155:P155,">0")=10,"Completed",IF(COUNTIF(G155:P155,">0")>=5,"In Progress",IF(COUNTIF(G155:P155,">0")>0,"Started","Not Started"))) -> Not Started
G156: {=IFERROR(INDEX('Mr Sandeep Kumar'!G:G,MATCH($B156,'Mr Sandeep Kumar'!$B:$B,0)),IFERROR(INDEX('Mr Manu Vikraman'!G:G,MATCH($B156,'Mr Manu Vikraman'!$B:$B,0)),""))} | H156: {=IFERROR(INDEX('Mr Sandeep Kumar'!H:H,MATCH($B156,'Mr Sandeep Kumar'!$B:$B,0)),IFERROR(INDEX('Mr Manu Vikraman'!H:H,MATCH($B156,'Mr Manu Vikraman'!$B:$B,0)),""))} | I156: {=IFERROR(INDEX('Mr Sandeep Kumar'!I:I,MATCH($B156,'Mr Sandeep Kumar'!$B:$B,0)),IFERROR(INDEX('Mr Manu Vikraman'!I:I,MATCH($B156,'Mr Manu Vikraman'!$B:$B,0)),""))} | J156: {=IFERROR(INDEX('Mr Sandeep Kumar'!J:J,MATCH($B156,'Mr Sandeep Kumar'!$B:$B,0)),IFERROR(INDEX('Mr Manu Vikraman'!J:J,MATCH($B156,'Mr Manu Vikraman'!$B:$B,0)),""))} | K156: {=IFERROR(INDEX('Mr Sandeep Kumar'!K:K,MATCH($B156,'Mr Sandeep Kumar'!$B:$B,0)),IFERROR(INDEX('Mr Manu Vikraman'!K:K,MATCH($B156,'Mr Manu Vikraman'!$B:$B,0)),""))} | L156: {=IFERROR(INDEX('Mr Sandeep Kumar'!L:L,MATCH($B156,'Mr Sandeep Kumar'!$B:$B,0)),IFERROR(INDEX('Mr Manu Vikraman'!L:L,MATCH($B156,'Mr Manu Vikraman'!$B:$B,0)),""))} | M156: {=IFERROR(INDEX('Mr Sandeep Kumar'!M:M,MATCH($B156,'Mr Sandeep Kumar'!$B:$B,0)),IFERROR(INDEX('Mr Manu Vikraman'!M:M,MATCH($B156,'Mr Manu Vikraman'!$B:$B,0)),""))} | N156: {=IFERROR(INDEX('Mr Sandeep Kumar'!N:N,MATCH($B156,'Mr Sandeep Kumar'!$B:$B,0)),IFERROR(INDEX('Mr Manu Vikraman'!N:N,MATCH($B156,'Mr Manu Vikraman'!$B:$B,0)),""))} | O156: {=IFERROR(INDEX('Mr Sandeep Kumar'!O:O,MATCH($B156,'Mr Sandeep Kumar'!$B:$B,0)),IFERROR(INDEX('Mr Manu Vikraman'!O:O,MATCH($B156,'Mr Manu Vikraman'!$B:$B,0)),""))} | P156: {=IFERROR(INDEX('Mr Sandeep Kumar'!P:P,MATCH($B156,'Mr Sandeep Kumar'!$B:$B,0)),IFERROR(INDEX('Mr Manu Vikraman'!P:P,MATCH($B156,'Mr Manu Vikraman'!$B:$B,0)),""))} | Q156: =IFERROR(SUM(G156:P156),0) -> 0 | R156: =IFERROR(Q156/IF(COUNTIF(G156:P156,">0")=0,1,COUNTIF(G156:P156,">0")),0) -> 0 | S156: =IF(R156>=9,"A+",IF(R156>=8,"A",IF(R156>=7,"B+",IF(R156>=6,"B",IF(R156>=5,"C","D"))))) -> D | T156: =IF(COUNTIF(G156:P156,">0")=10,"Completed",IF(COUNTIF(G156:P156,">0")>=5,"In Progress",IF(COUNTIF(G156:P156,">0")>0,"Started","Not Started"))) -> Not Started
G157: {=IFERROR(INDEX('Mr Sandeep Kumar'!G:G,MATCH($B157,'Mr Sandeep Kumar'!$B:$B,0)),IFERROR(INDEX('Mr Manu Vikraman'!G:G,MATCH($B157,'Mr Manu Vikraman'!$B:$B,0)),""))} | H157: {=IFERROR(INDEX('Mr Sandeep Kumar'!H:H,MATCH($B157,'Mr Sandeep Kumar'!$B:$B,0)),IFERROR(INDEX('Mr Manu Vikraman'!H:H,MATCH($B157,'Mr Manu Vikraman'!$B:$B,0)),""))} | I157: {=IFERROR(INDEX('Mr Sandeep Kumar'!I:I,MATCH($B157,'Mr Sandeep Kumar'!$B:$B,0)),IFERROR(INDEX('Mr Manu Vikraman'!I:I,MATCH($B157,'Mr Manu Vikraman'!$B:$B,0)),""))} | J157: {=IFERROR(INDEX('Mr Sandeep Kumar'!J:J,MATCH($B157,'Mr Sandeep Kumar'!$B:$B,0)),IFERROR(INDEX('Mr Manu Vikraman'!J:J,MATCH($B157,'Mr Manu Vikraman'!$B:$B,0)),""))} | K157: {=IFERROR(INDEX('Mr Sandeep Kumar'!K:K,MATCH($B157,'Mr Sandeep Kumar'!$B:$B,0)),IFERROR(INDEX('Mr Manu Vikraman'!K:K,MATCH($B157,'Mr Manu Vikraman'!$B:$B,0)),""))} | L157: {=IFERROR(INDEX('Mr Sandeep Kumar'!L:L,MATCH($B157,'Mr Sandeep Kumar'!$B:$B,0)),IFERROR(INDEX('Mr Manu Vikraman'!L:L,MATCH($B157,'Mr Manu Vikraman'!$B:$B,0)),""))} | M157: {=IFERROR(INDEX('Mr Sandeep Kumar'!M:M,MATCH($B157,'Mr Sandeep Kumar'!$B:$B,0)),IFERROR(INDEX('Mr Manu Vikraman'!M:M,MATCH($B157,'Mr Manu Vikraman'!$B:$B,0)),""))} | N157: {=IFERROR(INDEX('Mr Sandeep Kumar'!N:N,MATCH($B157,'Mr Sandeep Kumar'!$B:$B,0)),IFERROR(INDEX('Mr Manu Vikraman'!N:N,MATCH($B157,'Mr Manu Vikraman'!$B:$B,0)),""))} | O157: {=IFERROR(INDEX('Mr Sandeep Kumar'!O:O,MATCH($B157,'Mr Sandeep Kumar'!$B:$B,0)),IFERROR(INDEX('Mr Manu Vikraman'!O:O,MATCH($B157,'Mr Manu Vikraman'!$B:$B,0)),""))} | P157: {=IFERROR(INDEX('Mr Sandeep Kumar'!P:P,MATCH($B157,'Mr Sandeep Kumar'!$B:$B,0)),IFERROR(INDEX('Mr Manu Vikraman'!P:P,MATCH($B157,'Mr Manu Vikraman'!$B:$B,0)),""))} | Q157: =IFERROR(SUM(G157:P157),0) -> 0 | R157: =IFERROR(Q157/IF(COUNTIF(G157:P157,">0")=0,1,COUNTIF(G157:P157,">0")),0) -> 0 | S157: =IF(R157>=9,"A+",IF(R157>=8,"A",IF(R157>=7,"B+",IF(R157>=6,"B",IF(R157>=5,"C","D"))))) -> D | T157: =IF(COUNTIF(G157:P157,">0")=10,"Completed",IF(COUNTIF(G157:P157,">0")>=5,"In Progress",IF(COUNTIF(G157:P157,">0")>0,"Started","Not Started"))) -> Not Started
G158: {=IFERROR(INDEX('Mr Sandeep Kumar'!G:G,MATCH($B158,'Mr Sandeep Kumar'!$B:$B,0)),IFERROR(INDEX('Mr Manu Vikraman'!G:G,MATCH($B158,'Mr Manu Vikraman'!$B:$B,0)),""))} | H158: {=IFERROR(INDEX('Mr Sandeep Kumar'!H:H,MATCH($B158,'Mr Sandeep Kumar'!$B:$B,0)),IFERROR(INDEX('Mr Manu Vikraman'!H:H,MATCH($B158,'Mr Manu Vikraman'!$B:$B,0)),""))} | I158: {=IFERROR(INDEX('Mr Sandeep Kumar'!I:I,MATCH($B158,'Mr Sandeep Kumar'!$B:$B,0)),IFERROR(INDEX('Mr Manu Vikraman'!I:I,MATCH($B158,'Mr Manu Vikraman'!$B:$B,0)),""))} | J158: {=IFERROR(INDEX('Mr Sandeep Kumar'!J:J,MATCH($B158,'Mr Sandeep Kumar'!$B:$B,0)),IFERROR(INDEX('Mr Manu Vikraman'!J:J,MATCH($B158,'Mr Manu Vikraman'!$B:$B,0)),""))} | K158: {=IFERROR(INDEX('Mr Sandeep Kumar'!K:K,MATCH($B158,'Mr Sandeep Kumar'!$B:$B,0)),IFERROR(INDEX('Mr Manu Vikraman'!K:K,MATCH($B158,'Mr Manu Vikraman'!$B:$B,0)),""))} | L158: {=IFERROR(INDEX('Mr Sandeep Kumar'!L:L,MATCH($B158,'Mr Sandeep Kumar'!$B:$B,0)),IFERROR(INDEX('Mr Manu Vikraman'!L:L,MATCH($B158,'Mr Manu Vikraman'!$B:$B,0)),""))} | M158: {=IFERROR(INDEX('Mr Sandeep Kumar'!M:M,MATCH($B158,'Mr Sandeep Kumar'!$B:$B,0)),IFERROR(INDEX('Mr Manu Vikraman'!M:M,MATCH($B158,'Mr Manu Vikraman'!$B:$B,0)),""))} | N158: {=IFERROR(INDEX('Mr Sandeep Kumar'!N:N,MATCH($B158,'Mr Sandeep Kumar'!$B:$B,0)),IFERROR(INDEX('Mr Manu Vikraman'!N:N,MATCH($B158,'Mr Manu Vikraman'!$B:$B,0)),""))} | O158: {=IFERROR(INDEX('Mr Sandeep Kumar'!O:O,MATCH($B158,'Mr Sandeep Kumar'!$B:$B,0)),IFERROR(INDEX('Mr Manu Vikraman'!O:O,MATCH($B158,'Mr Manu Vikraman'!$B:$B,0)),""))} | P158: {=IFERROR(INDEX('Mr Sandeep Kumar'!P:P,MATCH($B158,'Mr Sandeep Kumar'!$B:$B,0)),IFERROR(INDEX('Mr Manu Vikraman'!P:P,MATCH($B158,'Mr Manu Vikraman'!$B:$B,0)),""))} | Q158: =IFERROR(SUM(G158:P158),0) -> 0 | R158: =IFERROR(Q158/IF(COUNTIF(G158:P158,">0")=0,1,COUNTIF(G158:P158,">0")),0) -> 0 | S158: =IF(R158>=9,"A+",IF(R158>=8,"A",IF(R158>=7,"B+",IF(R158>=6,"B",IF(R158>=5,"C","D"))))) -> D | T158: =IF(COUNTIF(G158:P158,">0")=10,"Completed",IF(COUNTIF(G158:P158,">0")>=5,"In Progress",IF(COUNTIF(G158:P158,">0")>0,"Started","Not Started"))) -> Not Started
G159: {=IFERROR(INDEX('Mr Sandeep Kumar'!G:G,MATCH($B159,'Mr Sandeep Kumar'!$B:$B,0)),IFERROR(INDEX('Mr Manu Vikraman'!G:G,MATCH($B159,'Mr Manu Vikraman'!$B:$B,0)),""))} | H159: {=IFERROR(INDEX('Mr Sandeep Kumar'!H:H,MATCH($B159,'Mr Sandeep Kumar'!$B:$B,0)),IFERROR(INDEX('Mr Manu Vikraman'!H:H,MATCH($B159,'Mr Manu Vikraman'!$B:$B,0)),""))} | I159: {=IFERROR(INDEX('Mr Sandeep Kumar'!I:I,MATCH($B159,'Mr Sandeep Kumar'!$B:$B,0)),IFERROR(INDEX('Mr Manu Vikraman'!I:I,MATCH($B159,'Mr Manu Vikraman'!$B:$B,0)),""))} | J159: {=IFERROR(INDEX('Mr Sandeep Kumar'!J:J,MATCH($B159,'Mr Sandeep Kumar'!$B:$B,0)),IFERROR(INDEX('Mr Manu Vikraman'!J:J,MATCH($B159,'Mr Manu Vikraman'!$B:$B,0)),""))} | K159: {=IFERROR(INDEX('Mr Sandeep Kumar'!K:K,MATCH($B159,'Mr Sandeep Kumar'!$B:$B,0)),IFERROR(INDEX('Mr Manu Vikraman'!K:K,MATCH($B159,'Mr Manu Vikraman'!$B:$B,0)),""))} | L159: {=IFERROR(INDEX('Mr Sandeep Kumar'!L:L,MATCH($B159,'Mr Sandeep Kumar'!$B:$B,0)),IFERROR(INDEX('Mr Manu Vikraman'!L:L,MATCH($B159,'Mr Manu Vikraman'!$B:$B,0)),""))} | M159: {=IFERROR(INDEX('Mr Sandeep Kumar'!M:M,MATCH($B159,'Mr Sandeep Kumar'!$B:$B,0)),IFERROR(INDEX('Mr Manu Vikraman'!M:M,MATCH($B159,'Mr Manu Vikraman'!$B:$B,0)),""))} | N159: {=IFERROR(INDEX('Mr Sandeep Kumar'!N:N,MATCH($B159,'Mr Sandeep Kumar'!$B:$B,0)),IFERROR(INDEX('Mr Manu Vikraman'!N:N,MATCH($B159,'Mr Manu Vikraman'!$B:$B,0)),""))} | O159: {=IFERROR(INDEX('Mr Sandeep Kumar'!O:O,MATCH($B159,'Mr Sandeep Kumar'!$B:$B,0)),IFERROR(INDEX('Mr Manu Vikraman'!O:O,MATCH($B159,'Mr Manu Vikraman'!$B:$B,0)),""))} | P159: {=IFERROR(INDEX('Mr Sandeep Kumar'!P:P,MATCH($B159,'Mr Sandeep Kumar'!$B:$B,0)),IFERROR(INDEX('Mr Manu Vikraman'!P:P,MATCH($B159,'Mr Manu Vikraman'!$B:$B,0)),""))} | Q159: =IFERROR(SUM(G159:P159),0) -> 0 | R159: =IFERROR(Q159/IF(COUNTIF(G159:P159,">0")=0,1,COUNTIF(G159:P159,">0")),0) -> 0 | S159: =IF(R159>=9,"A+",IF(R159>=8,"A",IF(R159>=7,"B+",IF(R159>=6,"B",IF(R159>=5,"C","D"))))) -> D | T159: =IF(COUNTIF(G159:P159,">0")=10,"Completed",IF(COUNTIF(G159:P159,">0")>=5,"In Progress",IF(COUNTIF(G159:P159,">0")>0,"Started","Not Started"))) -> Not Started
G160: {=IFERROR(INDEX('Mr Sandeep Kumar'!G:G,MATCH($B160,'Mr Sandeep Kumar'!$B:$B,0)),IFERROR(INDEX('Mr Manu Vikraman'!G:G,MATCH($B160,'Mr Manu Vikraman'!$B:$B,0)),""))} | H160: {=IFERROR(INDEX('Mr Sandeep Kumar'!H:H,MATCH($B160,'Mr Sandeep Kumar'!$B:$B,0)),IFERROR(INDEX('Mr Manu Vikraman'!H:H,MATCH($B160,'Mr Manu Vikraman'!$B:$B,0)),""))} | I160: {=IFERROR(INDEX('Mr Sandeep Kumar'!I:I,MATCH($B160,'Mr Sandeep Kumar'!$B:$B,0)),IFERROR(INDEX('Mr Manu Vikraman'!I:I,MATCH($B160,'Mr Manu Vikraman'!$B:$B,0)),""))} | J160: {=IFERROR(INDEX('Mr Sandeep Kumar'!J:J,MATCH($B160,'Mr Sandeep Kumar'!$B:$B,0)),IFERROR(INDEX('Mr Manu Vikraman'!J:J,MATCH($B160,'Mr Manu Vikraman'!$B:$B,0)),""))} | K160: {=IFERROR(INDEX('Mr Sandeep Kumar'!K:K,MATCH($B160,'Mr Sandeep Kumar'!$B:$B,0)),IFERROR(INDEX('Mr Manu Vikraman'!K:K,MATCH($B160,'Mr Manu Vikraman'!$B:$B,0)),""))} | L160: {=IFERROR(INDEX('Mr Sandeep Kumar'!L:L,MATCH($B160,'Mr Sandeep Kumar'!$B:$B,0)),IFERROR(INDEX('Mr Manu Vikraman'!L:L,MATCH($B160,'Mr Manu Vikraman'!$B:$B,0)),""))} | M160: {=IFERROR(INDEX('Mr Sandeep Kumar'!M:M,MATCH($B160,'Mr Sandeep Kumar'!$B:$B,0)),IFERROR(INDEX('Mr Manu Vikraman'!M:M,MATCH($B160,'Mr Manu Vikraman'!$B:$B,0)),""))} | N160: {=IFERROR(INDEX('Mr Sandeep Kumar'!N:N,MATCH($B160,'Mr Sandeep Kumar'!$B:$B,0)),IFERROR(INDEX('Mr Manu Vikraman'!N:N,MATCH($B160,'Mr Manu Vikraman'!$B:$B,0)),""))} | O160: {=IFERROR(INDEX('Mr Sandeep Kumar'!O:O,MATCH($B160,'Mr Sandeep Kumar'!$B:$B,0)),IFERROR(INDEX('Mr Manu Vikraman'!O:O,MATCH($B160,'Mr Manu Vikraman'!$B:$B,0)),""))} | P160: {=IFERROR(INDEX('Mr Sandeep Kumar'!P:P,MATCH($B160,'Mr Sandeep Kumar'!$B:$B,0)),IFERROR(INDEX('Mr Manu Vikraman'!P:P,MATCH($B160,'Mr Manu Vikraman'!$B:$B,0)),""))} | Q160: =IFERROR(SUM(G160:P160),0) -> 0 | R160: =IFERROR(Q160/IF(COUNTIF(G160:P160,">0")=0,1,COUNTIF(G160:P160,">0")),0) -> 0 | S160: =IF(R160>=9,"A+",IF(R160>=8,"A",IF(R160>=7,"B+",IF(R160>=6,"B",IF(R160>=5,"C","D"))))) -> D | T160: =IF(COUNTIF(G160:P160,">0")=10,"Completed",IF(COUNTIF(G160:P160,">0")>=5,"In Progress",IF(COUNTIF(G160:P160,">0")>0,"Started","Not Started"))) -> Not Started
G161: {=IFERROR(INDEX('Mr Sandeep Kumar'!G:G,MATCH($B161,'Mr Sandeep Kumar'!$B:$B,0)),IFERROR(INDEX('Mr Manu Vikraman'!G:G,MATCH($B161,'Mr Manu Vikraman'!$B:$B,0)),""))} | H161: {=IFERROR(INDEX('Mr Sandeep Kumar'!H:H,MATCH($B161,'Mr Sandeep Kumar'!$B:$B,0)),IFERROR(INDEX('Mr Manu Vikraman'!H:H,MATCH($B161,'Mr Manu Vikraman'!$B:$B,0)),""))} | I161: {=IFERROR(INDEX('Mr Sandeep Kumar'!I:I,MATCH($B161,'Mr Sandeep Kumar'!$B:$B,0)),IFERROR(INDEX('Mr Manu Vikraman'!I:I,MATCH($B161,'Mr Manu Vikraman'!$B:$B,0)),""))} | J161: {=IFERROR(INDEX('Mr Sandeep Kumar'!J:J,MATCH($B161,'Mr Sandeep Kumar'!$B:$B,0)),IFERROR(INDEX('Mr Manu Vikraman'!J:J,MATCH($B161,'Mr Manu Vikraman'!$B:$B,0)),""))} | K161: {=IFERROR(INDEX('Mr Sandeep Kumar'!K:K,MATCH($B161,'Mr Sandeep Kumar'!$B:$B,0)),IFERROR(INDEX('Mr Manu Vikraman'!K:K,MATCH($B161,'Mr Manu Vikraman'!$B:$B,0)),""))} | L161: {=IFERROR(INDEX('Mr Sandeep Kumar'!L:L,MATCH($B161,'Mr Sandeep Kumar'!$B:$B,0)),IFERROR(INDEX('Mr Manu Vikraman'!L:L,MATCH($B161,'Mr Manu Vikraman'!$B:$B,0)),""))} | M161: {=IFERROR(INDEX('Mr Sandeep Kumar'!M:M,MATCH($B161,'Mr Sandeep Kumar'!$B:$B,0)),IFERROR(INDEX('Mr Manu Vikraman'!M:M,MATCH($B161,'Mr Manu Vikraman'!$B:$B,0)),""))} | N161: {=IFERROR(INDEX('Mr Sandeep Kumar'!N:N,MATCH($B161,'Mr Sandeep Kumar'!$B:$B,0)),IFERROR(INDEX('Mr Manu Vikraman'!N:N,MATCH($B161,'Mr Manu Vikraman'!$B:$B,0)),""))} | O161: {=IFERROR(INDEX('Mr Sandeep Kumar'!O:O,MATCH($B161,'Mr Sandeep Kumar'!$B:$B,0)),IFERROR(INDEX('Mr Manu Vikraman'!O:O,MATCH($B161,'Mr Manu Vikraman'!$B:$B,0)),""))} | P161: {=IFERROR(INDEX('Mr Sandeep Kumar'!P:P,MATCH($B161,'Mr Sandeep Kumar'!$B:$B,0)),IFERROR(INDEX('Mr Manu Vikraman'!P:P,MATCH($B161,'Mr Manu Vikraman'!$B:$B,0)),""))} | Q161: =IFERROR(SUM(G161:P161),0) -> 0 | R161: =IFERROR(Q161/IF(COUNTIF(G161:P161,">0")=0,1,COUNTIF(G161:P161,">0")),0) -> 0 | S161: =IF(R161>=9,"A+",IF(R161>=8,"A",IF(R161>=7,"B+",IF(R161>=6,"B",IF(R161>=5,"C","D"))))) -> D | T161: =IF(COUNTIF(G161:P161,">0")=10,"Completed",IF(COUNTIF(G161:P161,">0")>=5,"In Progress",IF(COUNTIF(G161:P161,">0")>0,"Started","Not Started"))) -> Not Started
G162: {=IFERROR(INDEX('Mr Sandeep Kumar'!G:G,MATCH($B162,'Mr Sandeep Kumar'!$B:$B,0)),IFERROR(INDEX('Mr Manu Vikraman'!G:G,MATCH($B162,'Mr Manu Vikraman'!$B:$B,0)),""))} | H162: {=IFERROR(INDEX('Mr Sandeep Kumar'!H:H,MATCH($B162,'Mr Sandeep Kumar'!$B:$B,0)),IFERROR(INDEX('Mr Manu Vikraman'!H:H,MATCH($B162,'Mr Manu Vikraman'!$B:$B,0)),""))} | I162: {=IFERROR(INDEX('Mr Sandeep Kumar'!I:I,MATCH($B162,'Mr Sandeep Kumar'!$B:$B,0)),IFERROR(INDEX('Mr Manu Vikraman'!I:I,MATCH($B162,'Mr Manu Vikraman'!$B:$B,0)),""))} | J162: {=IFERROR(INDEX('Mr Sandeep Kumar'!J:J,MATCH($B162,'Mr Sandeep Kumar'!$B:$B,0)),IFERROR(INDEX('Mr Manu Vikraman'!J:J,MATCH($B162,'Mr Manu Vikraman'!$B:$B,0)),""))} | K162: {=IFERROR(INDEX('Mr Sandeep Kumar'!K:K,MATCH($B162,'Mr Sandeep Kumar'!$B:$B,0)),IFERROR(INDEX('Mr Manu Vikraman'!K:K,MATCH($B162,'Mr Manu Vikraman'!$B:$B,0)),""))} | L162: {=IFERROR(INDEX('Mr Sandeep Kumar'!L:L,MATCH($B162,'Mr Sandeep Kumar'!$B:$B,0)),IFERROR(INDEX('Mr Manu Vikraman'!L:L,MATCH($B162,'Mr Manu Vikraman'!$B:$B,0)),""))} | M162: {=IFERROR(INDEX('Mr Sandeep Kumar'!M:M,MATCH($B162,'Mr Sandeep Kumar'!$B:$B,0)),IFERROR(INDEX('Mr Manu Vikraman'!M:M,MATCH($B162,'Mr Manu Vikraman'!$B:$B,0)),""))} | N162: {=IFERROR(INDEX('Mr Sandeep Kumar'!N:N,MATCH($B162,'Mr Sandeep Kumar'!$B:$B,0)),IFERROR(INDEX('Mr Manu Vikraman'!N:N,MATCH($B162,'Mr Manu Vikraman'!$B:$B,0)),""))} | O162: {=IFERROR(INDEX('Mr Sandeep Kumar'!O:O,MATCH($B162,'Mr Sandeep Kumar'!$B:$B,0)),IFERROR(INDEX('Mr Manu Vikraman'!O:O,MATCH($B162,'Mr Manu Vikraman'!$B:$B,0)),""))} | P162: {=IFERROR(INDEX('Mr Sandeep Kumar'!P:P,MATCH($B162,'Mr Sandeep Kumar'!$B:$B,0)),IFERROR(INDEX('Mr Manu Vikraman'!P:P,MATCH($B162,'Mr Manu Vikraman'!$B:$B,0)),""))} | Q162: =IFERROR(SUM(G162:P162),0) -> 0 | R162: =IFERROR(Q162/IF(COUNTIF(G162:P162,">0")=0,1,COUNTIF(G162:P162,">0")),0) -> 0 | S162: =IF(R162>=9,"A+",IF(R162>=8,"A",IF(R162>=7,"B+",IF(R162>=6,"B",IF(R162>=5,"C","D"))))) -> D | T162: =IF(COUNTIF(G162:P162,">0")=10,"Completed",IF(COUNTIF(G162:P162,">0")>=5,"In Progress",IF(COUNTIF(G162:P162,">0")>0,"Started","Not Started"))) -> Not Started
G163: {=IFERROR(INDEX('Mr Sandeep Kumar'!G:G,MATCH($B163,'Mr Sandeep Kumar'!$B:$B,0)),IFERROR(INDEX('Mr Manu Vikraman'!G:G,MATCH($B163,'Mr Manu Vikraman'!$B:$B,0)),""))} | H163: {=IFERROR(INDEX('Mr Sandeep Kumar'!H:H,MATCH($B163,'Mr Sandeep Kumar'!$B:$B,0)),IFERROR(INDEX('Mr Manu Vikraman'!H:H,MATCH($B163,'Mr Manu Vikraman'!$B:$B,0)),""))} | I163: {=IFERROR(INDEX('Mr Sandeep Kumar'!I:I,MATCH($B163,'Mr Sandeep Kumar'!$B:$B,0)),IFERROR(INDEX('Mr Manu Vikraman'!I:I,MATCH($B163,'Mr Manu Vikraman'!$B:$B,0)),""))} | J163: {=IFERROR(INDEX('Mr Sandeep Kumar'!J:J,MATCH($B163,'Mr Sandeep Kumar'!$B:$B,0)),IFERROR(INDEX('Mr Manu Vikraman'!J:J,MATCH($B163,'Mr Manu Vikraman'!$B:$B,0)),""))} | K163: {=IFERROR(INDEX('Mr Sandeep Kumar'!K:K,MATCH($B163,'Mr Sandeep Kumar'!$B:$B,0)),IFERROR(INDEX('Mr Manu Vikraman'!K:K,MATCH($B163,'Mr Manu Vikraman'!$B:$B,0)),""))} | L163: {=IFERROR(INDEX('Mr Sandeep Kumar'!L:L,MATCH($B163,'Mr Sandeep Kumar'!$B:$B,0)),IFERROR(INDEX('Mr Manu Vikraman'!L:L,MATCH($B163,'Mr Manu Vikraman'!$B:$B,0)),""))} | M163: {=IFERROR(INDEX('Mr Sandeep Kumar'!M:M,MATCH($B163,'Mr Sandeep Kumar'!$B:$B,0)),IFERROR(INDEX('Mr Manu Vikraman'!M:M,MATCH($B163,'Mr Manu Vikraman'!$B:$B,0)),""))} | N163: {=IFERROR(INDEX('Mr Sandeep Kumar'!N:N,MATCH($B163,'Mr Sandeep Kumar'!$B:$B,0)),IFERROR(INDEX('Mr Manu Vikraman'!N:N,MATCH($B163,'Mr Manu Vikraman'!$B:$B,0)),""))} | O163: {=IFERROR(INDEX('Mr Sandeep Kumar'!O:O,MATCH($B163,'Mr Sandeep Kumar'!$B:$B,0)),IFERROR(INDEX('Mr Manu Vikraman'!O:O,MATCH($B163,'Mr Manu Vikraman'!$B:$B,0)),""))} | P163: {=IFERROR(INDEX('Mr Sandeep Kumar'!P:P,MATCH($B163,'Mr Sandeep Kumar'!$B:$B,0)),IFERROR(INDEX('Mr Manu Vikraman'!P:P,MATCH($B163,'Mr Manu Vikraman'!$B:$B,0)),""))} | Q163: =IFERROR(SUM(G163:P163),0) -> 0 | R163: =IFERROR(Q163/IF(COUNTIF(G163:P163,">0")=0,1,COUNTIF(G163:P163,">0")),0) -> 0 | S163: =IF(R163>=9,"A+",IF(R163>=8,"A",IF(R163>=7,"B+",IF(R163>=6,"B",IF(R163>=5,"C","D"))))) -> D | T163: =IF(COUNTIF(G163:P163,">0")=10,"Completed",IF(COUNTIF(G163:P163,">0")>=5,"In Progress",IF(COUNTIF(G163:P163,">0")>0,"Started","Not Started"))) -> Not Started
... G176: {=IFERROR(INDEX('Mr Sandeep Kumar'!G:G,MATCH($B176,'Mr Sandeep Kumar'!$B:$B,0)),IFERROR(INDEX('Mr Manu Vikraman'!G:G,MATCH($B176,'Mr Manu Vikraman'!$B:$B,0)),""))} | H176: {=IFERROR(INDEX('Mr Sandeep Kumar'!H:H,MATCH($B176,'Mr Sandeep Kumar'!$B:$B,0)),IFERROR(INDEX('Mr Manu Vikraman'!H:H,MATCH($B176,'Mr Manu Vikraman'!$B:$B,0)),""))} | I176: {=IFERROR(INDEX('Mr Sandeep Kumar'!I:I,MATCH($B176,'Mr Sandeep Kumar'!$B:$B,0)),IFERROR(INDEX('Mr Manu Vikraman'!I:I,MATCH($B176,'Mr Manu Vikraman'!$B:$B,0)),""))} | J176: {=IFERROR(INDEX('Mr Sandeep Kumar'!J:J,MATCH($B176,'Mr Sandeep Kumar'!$B:$B,0)),IFERROR(INDEX('Mr Manu Vikraman'!J:J,MATCH($B176,'Mr Manu Vikraman'!$B:$B,0)),""))} | K176: {=IFERROR(INDEX('Mr Sandeep Kumar'!K:K,MATCH($B176,'Mr Sandeep Kumar'!$B:$B,0)),IFERROR(INDEX('Mr Manu Vikraman'!K:K,MATCH($B176,'Mr Manu Vikraman'!$B:$B,0)),""))} | L176: {=IFERROR(INDEX('Mr Sandeep Kumar'!L:L,MATCH($B176,'Mr Sandeep Kumar'!$B:$B,0)),IFERROR(INDEX('Mr Manu Vikraman'!L:L,MATCH($B176,'Mr Manu Vikraman'!$B:$B,0)),""))} | M176: {=IFERROR(INDEX('Mr Sandeep Kumar'!M:M,MATCH($B176,'Mr Sandeep Kumar'!$B:$B,0)),IFERROR(INDEX('Mr Manu Vikraman'!M:M,MATCH($B176,'Mr Manu Vikraman'!$B:$B,0)),""))} | N176: {=IFERROR(INDEX('Mr Sandeep Kumar'!N:N,MATCH($B176,'Mr Sandeep Kumar'!$B:$B,0)),IFERROR(INDEX('Mr Manu Vikraman'!N:N,MATCH($B176,'Mr Manu Vikraman'!$B:$B,0)),""))} | O176: {=IFERROR(INDEX('Mr Sandeep Kumar'!O:O,MATCH($B176,'Mr Sandeep Kumar'!$B:$B,0)),IFERROR(INDEX('Mr Manu Vikraman'!O:O,MATCH($B176,'Mr Manu Vikraman'!$B:$B,0)),""))} | P176: {=IFERROR(INDEX('Mr Sandeep Kumar'!P:P,MATCH($B176,'Mr Sandeep Kumar'!$B:$B,0)),IFERROR(INDEX('Mr Manu Vikraman'!P:P,MATCH($B176,'Mr Manu Vikraman'!$B:$B,0)),""))} | Q176: =IFERROR(SUM(G176:P176),0) -> 0 | R176: =IFERROR(Q176/IF(COUNTIF(G176:P176,">0")=0,1,COUNTIF(G176:P176,">0")),0) -> 0 | S176: =IF(R176>=9,"A+",IF(R176>=8,"A",IF(R176>=7,"B+",IF(R176>=6,"B",IF(R176>=5,"C","D"))))) -> D | T176: =IF(COUNTIF(G176:P176,">0")=10,"Completed",IF(COUNTIF(G176:P176,">0")>=5,"In Progress",IF(COUNTIF(G176:P176,">0")>0,"Started","Not Started"))) -> Not Started
A177: CLASS AVERAGE | G177: =COUNTIF(G7:G176,">0") -> 0 | H177: =COUNTIF(H7:H176,">0") -> 0 | I177: =COUNTIF(I7:I176,">0") -> 0 | J177: =COUNTIF(J7:J176,">0") -> 0 | K177: =COUNTIF(K7:K176,">0") -> 0 | L177: =COUNTIF(L7:L176,">0") -> 0 | M177: =COUNTIF(M7:M176,">0") -> 0 | N177: =COUNTIF(N7:N176,">0") -> 0 | ... P177: =COUNTIF(P7:P176,">0") -> 0 | Q177: =IFERROR(AVERAGEIF(Q7:Q176,">0"),"") | R177: =IFERROR(AVERAGEIF(R7:R176,">0"),"")

Sheet Mr Manu Vikraman
A1: S.No | B1: Roll NO | C1: Email-ID | D1: Student Name | E1: Mobile No | F1: Group | G1: Week 1 | H1: Week 2 | I1: Week 3 | J1: Week 4 | K1: Week 5 | L1: Week 6 | M1: Week 7 | N1: Week 8 | O1: Week 9 | P1: Week 10
G2: Mon | H2: Mon | I2: Mon | J2: Mon | K2: Mon | L2: Mon | M2: Mon | N2: Mon | O2: Mon | P2: Mon
A3: 1 | B3: 26PGDM133 | C3: 28-Eshani.Pandey@fiib.edu.in | D3: Eshani Pandey | F3: group 9 | Q3: =COUNTA(G3:P3) -> 0
A4: 2 | B4: 26PGDM134 | C4: 28-Jahnavi.Goyal@fiib.edu.in | D4: Jahnavi . | Q4: =COUNTA(G4:P4) -> 0
A5: 3 | B5: 26PGDM135 | C5: 28-Joni.Ahmed@fiib.edu.in | D5: Joni Ahmed | Q5: =COUNTA(G5:P5) -> 0
A6: 4 | B6: 26PGDM136 | C6: 28-Kanishka.Garg@fiib.edu.in | D6: Kanishka Garg | Q6: =COUNTA(G6:P6) -> 0
A7: 5 | B7: 26PGDM137 | C7: 28-Kash.Kumar@fiib.edu.in | D7: Kash Kumar | Q7: =COUNTA(G7:P7) -> 0
A8: 6 | B8: 26PGDM138 | C8: 28-Krishna.Vikas@fiib.edu.in | D8: Krishna Vikas | Q8: =COUNTA(G8:P8) -> 0
A9: 7 | B9: 26PGDM139 | C9: 28-Kritika@fiib.edu.in | D9: Kritika - | Q9: =COUNTA(G9:P9) -> 0
A10: 8 | B10: 26PGDM140 | C10: 28-Madhav.Srivastava@fiib.edu.in | D10: Madhav Srivastava | Q10: =COUNTA(G10:P10) -> 0
A11: 9 | B11: 26PGDM141 | C11: 28-Minakshi.Kalita@fiib.edu.in | D11: Minakshi Kalita | Q11: =COUNTA(G11:P11) -> 0
A12: 10 | B12: 26PGDM142 | C12: 28-Neha.Patel@fiib.edu.in | D12: Neha Patel | Q12: =COUNTA(G12:P12) -> 0
A14: 1 | B14: 26PGDM143 | C14: 28-Paras.Jalandra@fiib.edu.in | D14: Paras Jalandra | F14: Group 10 | Q14: =COUNTA(G14:P14) -> 0
A15: 2 | B15: 26PGDM144 | C15: 28-Pooja.Kumari@fiib.edu.in | D15: Pooja Kumari | Q15: =COUNTA(G15:P15) -> 0
A16: 3 | B16: 26PGDM145 | C16: 28-Pooja.Samanta@fiib.edu.in | D16: Pooja Samanta | Q16: =COUNTA(G16:P16) -> 0
A17: 4 | B17: 26PGDM146 | C17: 28-Poornam.Jaiswal@fiib.edu.in | D17: Poornam Jaiswal | Q17: =COUNTA(G17:P17) -> 0
A18: 5 | B18: 26PGDM147 | C18: 28-Prachi.Singh@fiib.edu.in | D18: Prachi Singh | Q18: =COUNTA(G18:P18) -> 0
A19: 6 | B19: 26PGDM148 | C19: 28-Ritesh.Ranjan@fiib.edu.in | D19: Ritesh Ranjan | Q19: =COUNTA(G19:P19) -> 0
A20: 7 | B20: 26PGDM149 | C20: 28-Satvik.Tickoo@fiib.edu.in | D20: Satvik Tickoo | Q20: =COUNTA(G20:P20) -> 0
A21: 8 | B21: 26PGDM150 | C21: 28-Shirsh.Parashar@fiib.edu.in | D21: Shirsh Parashar | Q21: =COUNTA(G21:P21) -> 0
A22: 9 | B22: 26PGDM151 | C22: 28-Shivanjali.Saxena@fiib.edu.in | D22: Shivanjali Saxena | Q22: =COUNTA(G22:P22) -> 0
A23: 10 | B23: 26PGDM152 | C23: 28-Sneha.Sivastava@fiib.edu.in | D23: Sneha . | Q23: =COUNTA(G23:P23) -> 0
Q24: =COUNTA(G24:P24) -> 0
A25: 1 | B25: 26PGDM153 | C25: 28-Tamanna.Joshi@fiib.edu.in | D25: Tamanna Joshi | F25: Group 11 | Q25: =COUNTA(G25:P25) -> 0
A26: 2 | B26: 26PGDM154 | C26: 28-Umang.Gupta@fiib.edu.in | D26: Umang Gupta | Q26: =COUNTA(G26:P26) -> 0
A27: 3 | B27: 26PGDM155 | C27: 28-Vaibhav.Chatterjee@fiib.edu.in | D27: Vaibhav Chatterjee | Q27: =COUNTA(G27:P27) -> 0
A28: 4 | B28: 26PGDMFM001 | C28: 28-aaditya@fiib.edu.in | D28: Aaditya . | Q28: =COUNTA(G28:P28) -> 0
A29: 5 | B29: 26PGDMFM002 | C29: 28-Aarushi.Verma@fiib.edu.in | D29: Aarushi Verma | Q29: =COUNTA(G29:P29) -> 0
A30: 6 | B30: 26PGDMFM003 | C30: 28-Aditi.Pandey@fiib.edu.in | D30: Aditi Pandey | Q30: =COUNTA(G30:P30) -> 0
A31: 7 | B31: 26PGDMFM004 | C31: 28-Aditi.Singh@fiib.edu.in | D31: Aditi Singh | Q31: =COUNTA(G31:P31) -> 0
A32: 8 | B32: 26PGDMFM005 | C32: 28-alka.mehta@fiib.edu.in | D32: Alka Mehta | Q32: =COUNTA(G32:P32) -> 0
A33: 9 | B33: 26PGDMFM006 | C33: 28-Anand.Mohapatra@fiib.edu.in | D33: Anand Mohapatra | Q33: =COUNTA(G33:P33) -> 0
A34: 10 | C34: 28-yash.jindal@fiib.edu.in | D34: Yash Jindal | Q34: =COUNTA(G34:P34) -> 0
A36: 1 | B36: 26PGDMFM007 | C36: 28-Anuj.Nautiyal@fiib.edu.in | D36: Anuj Nautiyal | F36: Group 12 | Q36: =COUNTA(G36:P36) -> 0
A37: 2 | B37: 26PGDMFM008 | C37: 28-Arav.Singh@fiib.edu.in | D37: Arav Singh | Q37: =COUNTA(G37:P37) -> 0
A38: 3 | B38: 26PGDMFM009 | C38: 28-Arnav.Ahlawat@fiib.edu.in | D38: Arnav Ahlawat | Q38: =COUNTA(G38:P38) -> 0
A39: 4 | B39: 26PGDMFM010 | C39: 28-Biswajeet.Choudhury@fiib.edu.in | D39: Biswajeet Choudhury | Q39: =COUNTA(G39:P39) -> 0
A40: 5 | B40: 26PGDMFM011 | C40: 28-Daksh.Kumar@fiib.edu.in | D40: Daksh Kumar | Q40: =COUNTA(G40:P40) -> 0
A41: 6 | B41: 26PGDMFM012 | C41: 28-deepak.verma@fiib.edu.in | D41: Deepak Verma | Q41: =COUNTA(G41:P41) -> 0
A42: 7 | B42: 26PGDMFM013 | C42: 28-Dewank.Gupta@fiib.edu.in | D42: Dewank Gupta | Q42: =COUNTA(G42:P42) -> 0
A43: 8 | B43: 26PGDMFM014 | C43: 28-divya.kumar@fiib.edu.in | D43: Divya Kumar | Q43: =COUNTA(G43:P43) -> 0
A44: 9 | B44: 26PGDMFM015 | C44: 28-Esha.Tandon@fiib.edu.in | D44: Eshan Tandon | Q44: =COUNTA(G44:P44) -> 0
A45: 10 | B45: 26PGDMFM016 | C45: 28-garima.gupta@fiib.edu.in | D45: Garima Gupta | Q45: =COUNTA(G45:P45) -> 0
A47: 1 | B47: 26PGDMFM017 | C47: 28-isha.choudhary@fiib.edu.in | D47: Isha Choudhary | F47: Group 13 | Q47: =COUNTA(G47:P47) -> 0
A48: 2 | B48: 26PGDMFM018 | C48: 28-Janish@fiib.edu.in | D48: Janish - | Q48: =COUNTA(G48:P48) -> 0
A49: 3 | B49: 26PGDMFM019 | C49: 28-Janvi.Gehija@fiib.edu.in | D49: Janvi Gehija | Q49: =COUNTA(G49:P49) -> 0
A50: 4 | B50: 26PGDMFM020 | C50: 28-Jatin.Kushwhaha@fiib.edu.in | D50: Jatin Kushwhaha | Q50: =COUNTA(G50:P50) -> 0
A51: 5 | B51: 26PGDMFM021 | C51: 28-Krish.Gupta@fiib.edu.in | D51: Krish Gupta | Q51: =COUNTA(G51:P51) -> 0
A52: 6 | B52: 26PGDMFM022 | C52: 28-Krishnakant.Agrawal@fiib.edu.in | D52: Krishnakant Agrawal | Q52: =COUNTA(G52:P52) -> 0
A53: 7 | B53: 26PGDMFM023 | C53: 28-mohammad.alam@fiib.edu.in | D53: Mohammad Shakeb Alam | Q53: =COUNTA(G53:P53) -> 0
A54: 8 | B54: 26PGDMFM024 | C54: 28-Palak.Bansal@fiib.edu.in | D54: Palak Bansal | Q54: =COUNTA(G54:P54) -> 0
A55: 9 | B55: 26PGDMFM025 | C55: 28-purvanshi.mittal@fiib.edu.in | D55: Purvanshi Mittal | Q55: =COUNTA(G55:P55) -> 0
A56: 10 | B56: 26PGDMFM026 | C56: 28-Rahul.Saxena@fiib.edu.in | D56: Rahul Saxena | Q56: =COUNTA(G56:P56) -> 0
A58: 1 | B58: 26PGDMFM027 | C58: 28-Rashi.Singh@fiib.edu.in | D58: Rashi Singh | F58: Group 14 | Q58: =COUNTA(G58:P58) -> 0
A59: 2 | B59: 26PGDMFM028 | C59: 28-Sachin.Kashiv@fiib.edu.in | D59: Sachin Kashiv | Q59: =COUNTA(G59:P59) -> 0
A60: 3 | B60: 26PGDMFM029 | C60: 28-Sahil@fiib.edu.in | D60: Sahil - | Q60: =COUNTA(G60:P60) -> 0
A61: 4 | B61: 26PGDMFM030 | C61: 28-Samridhi.Rai@fiib.edu.in | D61: Samridhi Rai | Q61: =COUNTA(G61:P61) -> 0
A62: 5 | B62: 26PGDMFM031 | C62: 28-Sanyam.Agrawal@fiib.edu.in | D62: Sanyam Agrawal | Q62: =COUNTA(G62:P62) -> 0
A63: 6 | B63: 26PGDMFM032 | C63: 28-Sarthak.Mishra@fiib.edu.in | D63: Sarthak Mishra | Q63: =COUNTA(G63:P63) -> 0
A64: 7 | B64: 26PGDMFM033 | C64: 28-Shuchi.Sharma@fiib.edu.in | D64: Shuchi Sharma | Q64: =COUNTA(G64:P64) -> 0
A65: 8 | B65: 26PGDMFM034 | C65: 28-sourav.yadav@fiib.edu.in | D65: Sourav Yadav | Q65: =COUNTA(G65:P65) -> 0
A66: 9 | B66: 26PGDMFM035 | C66: 28-Sristi.Singh@fiib.edu.in | D66: Sristi Singh | Q66: =COUNTA(G66:P66) -> 0
A67: 10 | B67: 26PGDMFM036 | C67: 28-suhani.srivastava@fiib.edu.in | D67: Suhani Srivastava | Q67: =COUNTA(G67:P67) -> 0
A69: 1 | B69: 26PGDMFM037 | C69: 28-Sujal.Bansal@fiib.edu.in | D69: Sujal Bansal | F69: Group 15 | Q69: =COUNTA(G69:P69) -> 0
A70: 2 | B70: 26PGDMFM038 | C70: 28-suryansh.gupta@fiib.edu.in | D70: Suryansh Gupta | Q70: =COUNTA(G70:P70) -> 0
A71: 3 | B71: 26PGDMFM039 | C71: 28-Tanishq.Anand@fiib.edu.in | D71: Tanishq Anand | Q71: =COUNTA(G71:P71) -> 0
A72: 4 | B72: 26PGDMFM040 | C72: 28-Vikrant.Rao@fiib.edu.in | D72: Vikrant Govind Rao | Q72: =COUNTA(G72:P72) -> 0
A73: 5 | B73: 26PGDMFM041 | C73: 28-mayank.bisht@fiib.edu.in | D73: Mayank Bisht | Q73: =COUNTA(G73:P73) -> 0
A74: 6 | Q74: =COUNTA(G74:P74) -> 0
A75: 7 | Q75: =COUNTA(G75:P75) -> 0
A76: 8 | Q76: =COUNTA(G76:P76) -> 0
A77: 9 | Q77: =COUNTA(G77:P77) -> 0
A78: 10 | Q78: =COUNTA(G78:P78) -> 0
A80: 1 | F80: Group 16 | Q80: =COUNTA(G80:P80) -> 0
A81: 2 | Q81: =COUNTA(G81:P81) -> 0
A82: 3 | Q82: =COUNTA(G82:P82) -> 0
A83: 4 | Q83: =COUNTA(G83:P83) -> 0
A84: 5 | Q84: =COUNTA(G84:P84) -> 0
A85: 6 | Q85: =COUNTA(G85:P85) -> 0
A86: 7 | Q86: =COUNTA(G86:P86) -> 0
A87: 8 | Q87: =COUNTA(G87:P87) -> 0
A88: 9 | Q88: =COUNTA(G88:P88) -> 0
A89: 10 | Q89: =COUNTA(G89:P89) -> 0
G90: =COUNTA(G3:G89) -> 0 | H90: =COUNTA(H3:H89) -> 0 | I90: =COUNTA(I3:I89) -> 0 | J90: =COUNTA(J3:J89) -> 0 | K90: =COUNTA(K3:K89) -> 0 | L90: =COUNTA(L3:L89) -> 0 | M90: =COUNTA(M3:M89) -> 0 | N90: =COUNTA(N3:N89) -> 0 | ... P90: =COUNTA(P3:P89) -> 0

Sheet Leaderboard
A1: 🏆 ZIP AHEAD : Leaderboard— Top 10 Participants
A2: Week-1
A3: 13th July to 17th July 2026
A4: Rank | B4: Roll NO | C4: Name | D4: Specialisation | E4: Total Score (/100) | F4: Avg Score (/10)
A5: 1 | B5: {=IFERROR(INDEX('Student Tracker'!$B$7:$B$176,MATCH($E5,'Student Tracker'!$Q$7:$Q$176,0)),"")} -> 26PGDM001 | C5: {=IFERROR(INDEX('Student Tracker'!$C$7:$C$176,MATCH($E5,'Student Tracker'!$Q$7:$Q$176,0)),"")} -> 28-Aadya.Shreysee@fiib.edu.in | D5: {=IFERROR(INDEX('Student Tracker'!$F$7:$F$176,MATCH($E5,'Student Tracker'!$Q$7:$Q$176,0)),"")} | E5: =IFERROR(LARGE('Student Tracker'!$Q$7:$Q$176,1),"") -> 0 | F5: {=IFERROR(INDEX('Student Tracker'!$R$7:$R$176,MATCH($E5,'Student Tracker'!$Q$7:$Q$176,0)),"")} -> 0
A6: 2 | B6: {=IFERROR(INDEX('Student Tracker'!$B$7:$B$176,MATCH($E6,'Student Tracker'!$Q$7:$Q$176,0)),"")} -> 26PGDM001 | C6: {=IFERROR(INDEX('Student Tracker'!$C$7:$C$176,MATCH($E6,'Student Tracker'!$Q$7:$Q$176,0)),"")} -> 28-Aadya.Shreysee@fiib.edu.in | D6: {=IFERROR(INDEX('Student Tracker'!$F$7:$F$176,MATCH($E6,'Student Tracker'!$Q$7:$Q$176,0)),"")} | E6: =IFERROR(LARGE('Student Tracker'!$Q$7:$Q$176,2),"") -> 0 | F6: {=IFERROR(INDEX('Student Tracker'!$R$7:$R$176,MATCH($E6,'Student Tracker'!$Q$7:$Q$176,0)),"")} -> 0
A7: 3 | B7: {=IFERROR(INDEX('Student Tracker'!$B$7:$B$176,MATCH($E7,'Student Tracker'!$Q$7:$Q$176,0)),"")} -> 26PGDM001 | C7: {=IFERROR(INDEX('Student Tracker'!$C$7:$C$176,MATCH($E7,'Student Tracker'!$Q$7:$Q$176,0)),"")} -> 28-Aadya.Shreysee@fiib.edu.in | D7: {=IFERROR(INDEX('Student Tracker'!$F$7:$F$176,MATCH($E7,'Student Tracker'!$Q$7:$Q$176,0)),"")} | E7: =IFERROR(LARGE('Student Tracker'!$Q$7:$Q$176,3),"") -> 0 | F7: {=IFERROR(INDEX('Student Tracker'!$R$7:$R$176,MATCH($E7,'Student Tracker'!$Q$7:$Q$176,0)),"")} -> 0
A8: 4 | B8: {=IFERROR(INDEX('Student Tracker'!$B$7:$B$176,MATCH($E8,'Student Tracker'!$Q$7:$Q$176,0)),"")} -> 26PGDM001 | C8: {=IFERROR(INDEX('Student Tracker'!$C$7:$C$176,MATCH($E8,'Student Tracker'!$Q$7:$Q$176,0)),"")} -> 28-Aadya.Shreysee@fiib.edu.in | D8: {=IFERROR(INDEX('Student Tracker'!$F$7:$F$176,MATCH($E8,'Student Tracker'!$Q$7:$Q$176,0)),"")} | E8: =IFERROR(LARGE('Student Tracker'!$Q$7:$Q$176,4),"") -> 0 | F8: {=IFERROR(INDEX('Student Tracker'!$R$7:$R$176,MATCH($E8,'Student Tracker'!$Q$7:$Q$176,0)),"")} -> 0
A9: 5 | B9: {=IFERROR(INDEX('Student Tracker'!$B$7:$B$176,MATCH($E9,'Student Tracker'!$Q$7:$Q$176,0)),"")} -> 26PGDM001 | C9: {=IFERROR(INDEX('Student Tracker'!$C$7:$C$176,MATCH($E9,'Student Tracker'!$Q$7:$Q$176,0)),"")} -> 28-Aadya.Shreysee@fiib.edu.in | D9: {=IFERROR(INDEX('Student Tracker'!$F$7:$F$176,MATCH($E9,'Student Tracker'!$Q$7:$Q$176,0)),"")} | E9: =IFERROR(LARGE('Student Tracker'!$Q$7:$Q$176,5),"") -> 0 | F9: {=IFERROR(INDEX('Student Tracker'!$R$7:$R$176,MATCH($E9,'Student Tracker'!$Q$7:$Q$176,0)),"")} -> 0
A10: 6 | B10: {=IFERROR(INDEX('Student Tracker'!$B$7:$B$176,MATCH($E10,'Student Tracker'!$Q$7:$Q$176,0)),"")} -> 26PGDM001 | C10: {=IFERROR(INDEX('Student Tracker'!$C$7:$C$176,MATCH($E10,'Student Tracker'!$Q$7:$Q$176,0)),"")} -> 28-Aadya.Shreysee@fiib.edu.in | D10: {=IFERROR(INDEX('Student Tracker'!$F$7:$F$176,MATCH($E10,'Student Tracker'!$Q$7:$Q$176,0)),"")} | E10: =IFERROR(LARGE('Student Tracker'!$Q$7:$Q$176,6),"") -> 0 | F10: {=IFERROR(INDEX('Student Tracker'!$R$7:$R$176,MATCH($E10,'Student Tracker'!$Q$7:$Q$176,0)),"")} -> 0
A11: 7 | B11: {=IFERROR(INDEX('Student Tracker'!$B$7:$B$176,MATCH($E11,'Student Tracker'!$Q$7:$Q$176,0)),"")} -> 26PGDM001 | C11: {=IFERROR(INDEX('Student Tracker'!$C$7:$C$176,MATCH($E11,'Student Tracker'!$Q$7:$Q$176,0)),"")} -> 28-Aadya.Shreysee@fiib.edu.in | D11: {=IFERROR(INDEX('Student Tracker'!$F$7:$F$176,MATCH($E11,'Student Tracker'!$Q$7:$Q$176,0)),"")} | E11: =IFERROR(LARGE('Student Tracker'!$Q$7:$Q$176,7),"") -> 0 | F11: {=IFERROR(INDEX('Student Tracker'!$R$7:$R$176,MATCH($E11,'Student Tracker'!$Q$7:$Q$176,0)),"")} -> 0
A12: 8 | B12: {=IFERROR(INDEX('Student Tracker'!$B$7:$B$176,MATCH($E12,'Student Tracker'!$Q$7:$Q$176,0)),"")} -> 26PGDM001 | C12: {=IFERROR(INDEX('Student Tracker'!$C$7:$C$176,MATCH($E12,'Student Tracker'!$Q$7:$Q$176,0)),"")} -> 28-Aadya.Shreysee@fiib.edu.in | D12: {=IFERROR(INDEX('Student Tracker'!$F$7:$F$176,MATCH($E12,'Student Tracker'!$Q$7:$Q$176,0)),"")} | E12: =IFERROR(LARGE('Student Tracker'!$Q$7:$Q$176,8),"") -> 0 | F12: {=IFERROR(INDEX('Student Tracker'!$R$7:$R$176,MATCH($E12,'Student Tracker'!$Q$7:$Q$176,0)),"")} -> 0
A13: 9 | B13: {=IFERROR(INDEX('Student Tracker'!$B$7:$B$176,MATCH($E13,'Student Tracker'!$Q$7:$Q$176,0)),"")} -> 26PGDM001 | C13: {=IFERROR(INDEX('Student Tracker'!$C$7:$C$176,MATCH($E13,'Student Tracker'!$Q$7:$Q$176,0)),"")} -> 28-Aadya.Shreysee@fiib.edu.in | D13: {=IFERROR(INDEX('Student Tracker'!$F$7:$F$176,MATCH($E13,'Student Tracker'!$Q$7:$Q$176,0)),"")} | E13: =IFERROR(LARGE('Student Tracker'!$Q$7:$Q$176,9),"") -> 0 | F13: {=IFERROR(INDEX('Student Tracker'!$R$7:$R$176,MATCH($E13,'Student Tracker'!$Q$7:$Q$176,0)),"")} -> 0
A14: 10 | B14: {=IFERROR(INDEX('Student Tracker'!$B$7:$B$176,MATCH($E14,'Student Tracker'!$Q$7:$Q$176,0)),"")} -> 26PGDM001 | C14: {=IFERROR(INDEX('Student Tracker'!$C$7:$C$176,MATCH($E14,'Student Tracker'!$Q$7:$Q$176,0)),"")} -> 28-Aadya.Shreysee@fiib.edu.in | D14: {=IFERROR(INDEX('Student Tracker'!$F$7:$F$176,MATCH($E14,'Student Tracker'!$Q$7:$Q$176,0)),"")} | E14: =IFERROR(LARGE('Student Tracker'!$Q$7:$Q$176,10),"") -> 0 | F14: {=IFERROR(INDEX('Student Tracker'!$R$7:$R$176,MATCH($E14,'Student Tracker'!$Q$7:$Q$176,0)),"")} -> 0
B19: Rankings auto-update from Student Tracker · Scores based on /100

Sheet Score Summary
B1: ZIP AHEAD- Weekly Score Summary
B2: Class performance overview per week
B3: Auto-calculated from Student Tracker | Update scores there to refresh this sheet
B4: Week | C4: Theme | D4: Mon Submission | E4: Week Submition | F4: Max | G4: % Score
B5: Week 1 | C5: Self-Introduction | D5: ='Student Tracker'!G177 -> 0 | E5: =IFERROR(AVERAGE(D5),0) -> 0 | F5: 10 | G5: =IFERROR(E5/F5,0) -> 0
B6: Week 2 | C6: PGDM Rationale | D6: ='Student Tracker'!H177 -> 0 | E6: =IFERROR(AVERAGE(D6),0) -> 0 | F6: 10 | G6: =IFERROR(E6/F6,0) -> 0
B7: Week 3 | C7: Strengths | D7: ='Student Tracker'!I177 -> 0 | E7: =IFERROR(AVERAGE(D7),0) -> 0 | F7: 10 | G7: =IFERROR(E7/F7,0) -> 0
B8: Week 4 | C8: Weaknesses | D8: ='Student Tracker'!J177 -> 0 | E8: =IFERROR(AVERAGE(D8),0) -> 0 | F8: 10 | G8: =IFERROR(E8/F8,0) -> 0
B9: Week 5 | C9: Skills | D9: ='Student Tracker'!K177 -> 0 | E9: =IFERROR(AVERAGE(D9),0) -> 0 | F9: 10 | G9: =IFERROR(E9/F9,0) -> 0
B10: Week 6 | C10: Self-awareness | D10: ='Student Tracker'!L177 -> 0 | E10: =IFERROR(AVERAGE(D10),0) -> 0 | F10: 10 | G10: =IFERROR(E10/F10,0) -> 0
B11: Week 7 | C11: Self-awareness | D11: ='Student Tracker'!M177 -> 0 | E11: =IFERROR(AVERAGE(D11),0) -> 0 | F11: 10 | G11: =IFERROR(E11/F11,0) -> 0
B12: Week 8 | C12: Career Goals | D12: ='Student Tracker'!N177 -> 0 | E12: =IFERROR(AVERAGE(D12),0) -> 0 | F12: 10 | G12: =IFERROR(E12/F12,0) -> 0
B13: Week 9 | C13: Behavioral | D13: ='Student Tracker'!O177 -> 0 | E13: =IFERROR(AVERAGE(D13),0) -> 0 | F13: 10 | G13: =IFERROR(E13/F13,0) -> 0
B14: Week 10 | C14: Situational | D14: ='Student Tracker'!P177 -> 0 | E14: =IFERROR(AVERAGE(D14),0) -> 0 | F14: 10 | G14: =IFERROR(E14/F14,0) -> 0
B16: Grading Scale / Performance Bands
B17: A+ Distinction | C17: 9.0 – 10.0
B18: A Excellent | C18: 8.0 – 8.9
B19: B+ Very Good | C19: 7.0 – 7.9
B20: B Good | C20: 6.0 – 6.9
B21: C Satisfactory | C21: 5.0 – 5.9
B22: D Needs Work | C22: Below 5.0
